,depth,gr,d_res,s_res,den,vp
12,1.8333000000000002,37.6477,0.7991,0.7653,1.442,1.4687
13,1.9857,39.3062,0.8427,0.7803,1.4617,1.4687
14,2.1381,41.8645,0.8907,0.7679,1.4706,1.4687
15,2.2905,42.2856,0.9406,0.6914,1.4839,1.4619
16,2.4429000000000003,41.9863,0.789,0.7289,1.4843,1.4619
17,2.5953000000000004,40.9227,0.8312,0.7223,1.4782,1.4619
18,2.7477000000000005,41.5258,0.8336,0.7162,1.4637,1.4619
19,2.9001,42.0028,0.8359,0.718,1.4596,1.4641
20,3.0525,42.6023,0.8394,0.7197,1.4552,1.4641
21,3.2049000000000003,42.6122,0.8431,0.7214,1.4389,1.4641
22,3.3573000000000004,42.2862,0.8468,0.7297,1.4301,1.4552
23,3.5097000000000005,41.9601,0.8505,0.6656,1.4381,1.4552
24,3.6621000000000006,41.6341,0.8341,0.6431,1.4528,1.4552
25,3.8145000000000002,41.6341,0.8305,0.622,1.4645,1.4539
26,3.9669000000000003,41.8804,0.8269,0.6256,1.4657,1.4539
27,4.1193,42.1267,0.8315,0.6615,1.4799,1.4539
28,4.2717,42.3731,0.8601,0.7017,1.4706,1.4445
29,4.4241,44.7199,0.8907,0.7468,1.4781,1.4445
30,4.5765,47.0667,0.9235,0.7978,1.5021,1.4445
31,4.7289,49.4136,0.9589,0.8401,1.5131,1.4445
32,4.8813,49.4136,0.9796,0.8777,1.5246,1.4447
33,5.0337000000000005,49.4136,0.9809,0.9188,1.4584,1.4447
34,5.186100000000001,47.7577,0.9822,0.964,1.3784,1.4447
35,5.338500000000001,46.1019,0.9835,0.9543,1.3219,1.4437
36,5.490900000000001,44.446,0.9835,0.9348,1.3377,1.4437
37,5.643300000000001,44.446,0.9828,0.9161,1.3761,1.4437
38,5.7957,44.1128,0.9821,0.9027,1.446,1.4398
39,5.9481,43.7795,0.9812,0.9041,1.48,1.4398
40,6.1005,43.4462,0.9773,0.9055,1.4805,1.4398
41,6.2529,43.4462,0.9735,0.9069,1.4727,1.4445
42,6.4053,46.3624,0.9698,0.9084,1.4526,1.4445
43,6.5577000000000005,49.2785,0.9661,0.9099,1.4755,1.4445
44,6.710100000000001,52.1947,0.9625,0.9114,1.461,1.4445
45,6.862500000000001,52.1947,0.959,0.9238,1.4578,1.4799
46,7.014900000000001,52.1947,0.9648,0.9426,1.4591,1.4799
47,7.167300000000001,52.1947,0.9817,0.962,1.4746,1.4799
48,7.319700000000001,52.9179,0.9991,0.9821,1.4851,1.4471
49,7.4721,53.6412,1.017,1.0028,1.5028,1.4471
50,7.6245,54.3644,1.0354,1.0241,1.5166,1.4471
51,7.7769,54.3644,1.0544,0.9986,1.5425,1.4669
52,7.9293000000000005,54.3644,1.0617,0.9511,1.5315,1.4669
53,8.081700000000001,54.3644,1.055,0.9078,1.5168,1.4669
54,8.2341,56.0104,1.0485,0.8682,1.4899,1.4669
55,8.3865,57.6564,1.042,0.8319,1.4982,1.4677
56,8.5389,59.3025,1.0355,0.7985,1.4686,1.4677
57,8.6913,59.3025,1.0292,0.7676,1.413,1.4677
58,8.8437,59.3025,1.0229,0.7697,1.3651,1.4445
59,8.9961,59.3025,1.0181,0.7902,1.383,1.4445
60,9.1485,59.3025,1.0148,0.8123,1.4288,1.4445
61,9.3009,59.3025,1.0114,0.8363,1.48,1.4472
62,9.4533,59.3025,1.0079,0.8543,1.5087,1.4472
63,9.6057,59.3025,1.0031,0.8485,1.5318,1.4472
64,9.7581,59.3025,0.9826,0.8428,1.5496,1.4653
65,9.9105,59.3025,0.9627,0.8371,1.5353,1.4653
66,10.0629,57.9835,0.9437,0.8315,1.5237,1.4653
67,10.215300000000001,56.6646,0.9253,0.826,1.5097,1.4653
68,10.367700000000001,55.3457,0.9075,0.8382,1.5042,1.4524
69,10.520100000000001,55.3457,0.9117,0.8541,1.5017,1.4524
70,10.672500000000001,55.3457,0.9272,0.8705,1.5223,1.4524
71,10.824900000000001,55.0186,0.9429,0.8873,1.5414,1.4498
72,10.977300000000001,54.6915,0.9591,0.9046,1.5663,1.4498
73,11.129700000000001,54.3644,0.9756,0.8983,1.5844,1.4498
74,11.282100000000002,54.3644,0.9751,0.888,1.6131,1.4565
75,11.4345,54.3644,0.9661,0.8781,1.633,1.4565
76,11.5869,53.0376,0.9576,0.8686,1.6198,1.4565
77,11.7393,51.7108,0.9494,0.8615,1.6125,1.4565
78,11.8917,50.384,0.942,0.8609,1.6089,1.4525
79,12.0441,50.384,0.9428,0.8605,1.6072,1.4525
80,12.1965,50.384,0.9438,0.8602,1.6223,1.4525
81,12.3489,50.4911,0.945,0.8644,1.6179,1.4496
82,12.5013,50.5983,0.9491,0.8742,1.6002,1.4496
83,12.6537,50.7054,0.9604,0.8841,1.5841,1.4496
84,12.8061,48.4474,0.9718,0.8943,1.5774,1.4522
85,12.9585,46.1895,0.9835,0.9046,1.5865,1.4522
86,13.1109,43.9315,0.9954,0.9158,1.5704,1.4522
87,13.263300000000001,43.9315,1.0067,0.9277,1.5776,1.4572
88,13.415700000000001,43.9315,1.0172,0.9398,1.5793,1.4572
89,13.568100000000001,43.4828,1.0278,0.9426,1.5948,1.4572
90,13.720500000000001,43.0341,1.0363,0.9335,1.581,1.4572
91,13.872900000000001,42.5854,1.0389,0.9258,1.5554,1.4591
92,14.025300000000001,41.7291,1.0415,0.8949,1.5086,1.4591
93,14.177700000000002,40.8727,1.0226,0.8947,1.4713,1.4591
94,14.330100000000002,40.0163,1.0715,0.9985,1.4701,1.4506
95,14.482500000000002,39.8005,1.0672,0.9645,1.4881,1.4506
96,14.634900000000002,45.7913,1.0158,0.992,1.537,1.4506
97,14.7873,50.2899,1.0542,0.9074,1.5614,1.465
98,14.9397,51.5612,0.8524,0.8062,1.5737,1.465
99,15.0921,45.7343,0.8037,0.7754,1.5472,1.465
100,15.2445,42.1411,0.7852,0.6832,1.5246,1.465
101,15.3969,42.3709,0.9462,0.8789,1.5393,1.4483
102,15.5493,43.4924,0.9729,0.883,1.5756,1.4483
103,15.7017,43.1592,1.013,0.8583,1.6282,1.4483
104,15.8541,42.4463,1.0817,0.8376,1.65,1.4456
105,16.006500000000003,41.1752,1.0779,0.9782,1.6844,1.4456
106,16.158900000000003,42.3836,0.9897,0.9087,1.6806,1.4456
107,16.3113,44.3287,1.042,0.8994,1.6718,1.4786
108,16.4637,45.8237,1.0893,0.9936,1.6674,1.4786
109,16.6161,44.4049,1.1493,0.9665,1.6711,1.4786
110,16.7685,42.9432,1.0767,0.9855,1.6904,1.4565
111,16.9209,42.5439,1.1407,1.0815,1.6837,1.4565
112,17.0733,43.5319,1.195,1.131,1.6875,1.4565
113,17.2257,42.3078,1.0685,0.9916,1.683,1.4565
114,17.3781,41.0298,1.0331,0.9854,1.6818,1.4622
115,17.5305,40.3187,1.0214,1.0245,1.6772,1.4622
116,17.6829,39.7697,1.008,0.9742,1.6714,1.4622
117,17.8353,41.3998,1.1003,1.0362,1.6705,1.4575
118,17.9877,42.2228,1.1046,0.9837,1.6662,1.4575
119,18.1401,42.3477,1.0674,0.9778,1.6631,1.4575
120,18.2925,42.7687,1.1496,0.9764,1.6659,1.4524
121,18.4449,43.7205,1.0944,0.9645,1.6611,1.4524
122,18.5973,46.7265,1.0794,0.926,1.6478,1.4524
123,18.7497,45.9642,1.065,0.9734,1.6324,1.4524
124,18.9021,44.671,1.0832,0.9746,1.6299,1.4574
125,19.0545,43.3779,1.1576,0.9923,1.6273,1.4574
126,19.2069,43.4361,1.0615,0.9922,1.6299,1.4574
127,19.3593,44.1956,1.0745,0.9248,1.6293,1.4751
128,19.5117,43.8011,1.0244,0.8889,1.6379,1.4751
129,19.6641,43.3482,0.9309,0.912,1.6307,1.4751
130,19.8165,44.831,0.9634,0.9097,1.6304,1.5007
131,19.9689,47.2773,1.039,0.9339,1.6376,1.5007
132,20.1213,49.1909,1.0262,0.9585,1.6496,1.5007
133,20.2737,48.4676,1.0119,0.841,1.6625,1.4853
134,20.4261,49.8347,0.9628,0.8672,1.6757,1.4853
135,20.578500000000002,58.473,1.0071,0.8535,1.6777,1.4853
136,20.730900000000002,67.1113,1.004,0.8843,1.6692,1.4853
137,20.883300000000002,65.3083,1.0791,0.9865,1.6589,1.4877
138,21.035700000000002,61.7416,1.1212,1.0133,1.6609,1.4877
139,21.188100000000002,54.5561,1.1031,1.0139,1.6575,1.4877
140,21.340500000000002,55.912,1.0737,1.0153,1.6656,1.4837
141,21.492900000000002,64.7586,1.0682,0.9451,1.6703,1.4837
142,21.645300000000002,65.3735,1.0346,0.9289,1.6819,1.4837
143,21.797700000000003,64.4898,1.0582,0.8957,1.6789,1.4924
144,21.950100000000003,51.1407,0.9831,0.9045,1.6772,1.4924
145,22.102500000000003,52.6582,1.0517,0.9492,1.6835,1.4924
146,22.254900000000003,53.8662,1.0731,0.9619,1.6965,1.4831
147,22.407300000000003,56.4787,1.0605,0.9725,1.7025,1.4831
148,22.559700000000003,57.4299,1.1166,0.9943,1.7139,1.4831
149,22.712100000000003,60.1894,1.0986,0.967,1.7237,1.4831
150,22.8645,61.3704,1.1035,0.9582,1.7322,1.4739
151,23.0169,59.4554,1.0583,0.9637,1.726,1.4739
152,23.1693,57.2803,1.1022,0.9774,1.7203,1.4739
153,23.3217,57.1131,1.0828,0.9768,1.7239,1.4926
154,23.4741,57.2972,1.0827,0.9783,1.7129,1.4926
155,23.6265,57.7413,1.1541,0.9561,1.6991,1.4926
156,23.7789,55.0552,1.0846,0.9736,1.6865,1.4789
157,23.9313,56.2599,1.162,0.9783,1.6904,1.4789
158,24.0837,56.4027,1.1767,1.0193,1.7039,1.4789
159,24.2361,57.4137,1.1687,1.0202,1.7134,1.4789
160,24.3885,55.4367,1.2095,0.9857,1.7197,1.477
161,24.5409,52.8585,1.1714,0.9678,1.7194,1.477
162,24.6933,52.2047,1.1333,1.0029,1.7207,1.477
163,24.8457,52.2727,1.1297,1.0147,1.7058,1.494
164,24.9981,53.8127,1.1271,1.0566,1.6872,1.494
165,25.1505,53.8562,1.2431,1.1391,1.6638,1.494
166,25.3029,53.58,1.2026,1.1555,1.6607,1.4795
167,25.4553,51.3263,1.1658,1.1207,1.6639,1.4795
168,25.6077,51.833,1.157,1.1001,1.6598,1.4795
169,25.7601,49.5993,1.1693,1.106,1.6651,1.5212
170,25.9125,49.7821,1.18,1.1152,1.6722,1.5212
171,26.0649,51.011,1.1933,1.1509,1.6897,1.5212
172,26.2173,64.1929,1.1958,1.0949,1.6872,1.5212
173,26.3697,81.4029,1.1937,1.0254,1.6853,1.4872
174,26.522100000000002,93.3919,1.1021,1.013,1.675,1.4872
175,26.674500000000002,95.1298,1.0719,0.9693,1.6665,1.4872
176,26.826900000000002,95.1558,1.0603,1.0129,1.6767,1.5023
177,26.979300000000002,93.2032,1.1344,0.9913,1.6877,1.5023
178,27.131700000000002,95.1042,1.118,0.9759,1.7252,1.5023
179,27.284100000000002,91.5427,1.1263,1.0256,1.7373,1.5015
180,27.436500000000002,91.3743,1.1042,0.9794,1.7485,1.5015
181,27.588900000000002,88.4759,1.1564,0.9661,1.7384,1.5015
182,27.741300000000003,90.4078,1.1594,1.0338,1.7371,1.5015
183,27.893700000000003,90.0114,1.1506,0.9944,1.7398,1.4997
184,28.046100000000003,91.1065,1.187,1.0495,1.7483,1.4997
185,28.198500000000003,87.6892,1.2272,1.0839,1.7522,1.4997
186,28.350900000000003,86.4966,1.2412,1.0438,1.7664,1.4884
187,28.503300000000003,82.9494,1.2067,1.0597,1.7748,1.4884
188,28.655700000000003,81.9826,1.1988,1.0425,1.802,1.4884
189,28.808100000000003,82.3918,1.2346,1.0422,1.7823,1.4917
190,28.960500000000003,80.6676,1.2202,1.0337,1.7573,1.4917
191,29.112900000000003,81.6506,1.2833,1.0663,1.7405,1.4917
192,29.265300000000003,82.6853,1.3933,1.0344,1.7579,1.4847
193,29.4177,84.6393,1.3789,1.2938,1.793,1.4847
194,29.5701,83.3892,1.3754,1.1891,1.7831,1.4847
195,29.7225,80.7956,1.4266,1.2228,1.7813,1.4847
196,29.8749,79.221,1.1479,1.225,1.7645,1.4952
197,30.0273,77.7452,1.233,1.1876,1.7397,1.4952
198,30.1797,75.7573,1.3725,1.0508,1.7033,1.4952
199,30.3321,74.1895,1.4177,1.2087,1.6344,1.4924
200,30.4845,73.3463,1.509,1.183,1.6004,1.4924
201,30.6369,72.4156,1.4242,1.2097,1.555,1.4924
202,30.7893,73.0399,1.4014,1.2619,1.5408,1.5156
203,30.9417,75.3607,1.341,1.2328,1.5288,1.5156
204,31.0941,77.5942,1.3148,1.1622,1.5108,1.5156
205,31.2465,76.1204,1.3377,1.2424,1.5333,1.5156
206,31.3989,75.7062,1.3286,1.259,1.5575,1.5023
207,31.5513,78.3647,1.3867,1.1541,1.6376,1.5023
208,31.7037,83.8135,1.2796,1.1281,1.6733,1.5023
209,31.8561,84.1925,1.2808,1.0444,1.7127,1.5531
210,32.008500000000005,84.3031,1.2821,1.0388,1.7084,1.5531
211,32.160900000000005,84.4137,1.2093,1.0884,1.7037,1.5531
212,32.313300000000005,86.5116,1.0106,0.9608,1.7034,1.5277
213,32.465700000000005,89.8446,0.9462,1.0166,1.7078,1.5277
214,32.6181,93.8037,1.2448,0.9205,1.7213,1.5277
215,32.7705,97.7628,1.0466,1.0643,1.7295,1.531
216,32.9229,97.1859,1.1906,0.9801,1.7323,1.531
217,33.0753,92.2152,1.2001,1.0112,1.7132,1.531
218,33.2277,86.9426,1.123,0.9704,1.72,1.531
219,33.3801,83.9848,1.1332,0.9915,1.7312,1.5186
220,33.5325,83.1067,1.1354,0.9543,1.7537,1.5186
221,33.6849,84.7493,1.1211,1.2529,1.76,1.5186
222,33.8373,85.28,1.1688,1.1021,1.7692,1.5067
223,33.9897,85.3763,1.0923,1.041,1.777,1.5067
224,34.1421,83.7361,1.1842,1.0266,1.7699,1.5067
225,34.2945,83.4453,1.219,1.0478,1.761,1.5151
226,34.4469,85.2933,1.1412,1.0465,1.7533,1.5151
227,34.5993,86.6592,1.3058,1.0298,1.742,1.5151
228,34.7517,87.7904,1.3008,1.1508,1.7313,1.5029
229,34.9041,86.4915,1.3088,1.1414,1.7168,1.5029
230,35.0565,85.1925,1.2846,1.0638,1.7167,1.5029
231,35.2089,82.7789,1.1946,1.1065,1.7054,1.5029
232,35.3613,82.1291,1.1158,1.0808,1.7052,1.5118
233,35.5137,82.1502,1.171,1.1101,1.7027,1.5118
234,35.6661,81.6684,1.1756,1.1084,1.6985,1.5118
235,35.8185,81.6357,1.2239,1.1275,1.6977,1.5172
236,35.9709,80.9322,1.2218,1.1661,1.6982,1.5172
237,36.1233,81.0123,1.2892,1.1997,1.6931,1.5172
238,36.2757,85.2555,1.2849,1.1589,1.7246,1.5174
239,36.4281,86.8963,1.3139,1.1375,1.7677,1.5174
240,36.5805,88.9256,1.3179,1.1101,1.8116,1.5174
241,36.7329,90.685,1.2688,1.1494,1.8054,1.5174
242,36.8853,95.0468,1.1109,1.1234,1.7787,1.5165
243,37.0377,97.2007,1.1875,1.0984,1.7722,1.5165
244,37.1901,81.7632,1.2056,1.2177,1.764,1.5165
245,37.3425,77.7778,1.322,1.1366,1.7779,1.529
246,37.4949,75.3308,1.3839,1.2027,1.7848,1.529
247,37.6473,85.5552,1.3617,1.2196,1.791,1.529
248,37.7997,86.9206,1.2486,1.1173,1.7951,1.5056
249,37.9521,88.286,1.2519,1.1565,1.8027,1.5056
250,38.1045,87.2416,1.2591,1.1502,1.8144,1.5056
251,38.2569,83.9732,1.2987,1.1668,1.8111,1.5404
252,38.4093,81.0752,1.3148,1.202,1.8094,1.5404
253,38.5617,84.1091,1.3465,1.095,1.7951,1.5404
254,38.7141,84.7983,1.2963,1.0804,1.8054,1.5404
255,38.8665,86.3758,1.3061,1.1001,1.8007,1.5143
256,39.0189,86.8887,1.313,0.9646,1.8031,1.5143
257,39.1713,90.3287,1.2415,0.9942,1.7788,1.5143
258,39.3237,92.5101,1.2249,1.0744,1.7807,1.5271
259,39.4761,92.6628,1.2014,1.1426,1.7665,1.5271
260,39.6285,91.8641,1.2359,1.2531,1.7586,1.5271
261,39.7809,87.0716,1.205,1.2253,1.7488,1.5166
262,39.9333,85.9812,1.2141,1.1894,1.7682,1.5166
263,40.0857,84.1475,1.1934,1.1255,1.7882,1.5166
264,40.2381,86.3074,1.2378,1.0882,1.7987,1.5166
265,40.3905,84.34,1.1599,1.1363,1.7976,1.5243
266,40.5429,85.6294,1.1609,1.1503,1.7923,1.5243
267,40.6953,87.2737,1.1265,1.1305,1.7874,1.5243
268,40.8477,85.7738,1.2077,1.1331,1.7865,1.4765
269,41.0001,82.6003,1.174,1.0943,1.7894,1.4765
270,41.1525,83.1133,1.1772,1.1532,1.7852,1.4765
271,41.3049,86.3334,1.2389,1.168,1.7818,1.4867
272,41.457300000000004,88.7136,1.2136,1.1994,1.7743,1.4867
273,41.609700000000004,88.124,1.2743,1.1754,1.7641,1.4867
274,41.762100000000004,91.4251,1.3172,1.1325,1.7499,1.5065
275,41.914500000000004,93.4835,1.3639,1.3303,1.7468,1.5065
276,42.066900000000004,94.4703,1.3525,1.1479,1.7433,1.5065
277,42.219300000000004,91.5295,1.1534,1.156,1.7293,1.5065
278,42.371700000000004,89.6152,1.1773,1.1372,1.7088,1.508
279,42.524100000000004,89.5786,1.1858,1.1241,1.6934,1.508
280,42.676500000000004,91.2402,1.2439,1.085,1.6954,1.508
281,42.828900000000004,88.4182,1.2239,1.0401,1.6963,1.5104
282,42.981300000000005,84.6184,1.2111,1.082,1.7049,1.5104
283,43.133700000000005,84.5368,1.1615,1.0608,1.7323,1.5104
284,43.286100000000005,89.1549,1.2417,1.0653,1.764,1.5317
285,43.438500000000005,91.5396,1.2423,1.05,1.791,1.5317
286,43.590900000000005,89.9498,1.2543,1.0435,1.7833,1.5317
287,43.743300000000005,90.308,1.2815,1.3424,1.7895,1.5317
288,43.895700000000005,91.9996,1.4817,1.3665,1.8093,1.5052
289,44.048100000000005,94.2406,1.4511,1.1434,1.8438,1.5052
290,44.200500000000005,92.2405,1.445,1.2263,1.8356,1.5052
291,44.352900000000005,91.2374,1.585,1.4424,1.8282,1.5172
292,44.505300000000005,87.3087,1.7124,1.5512,1.8098,1.5172
293,44.657700000000006,84.3413,1.659,1.5153,1.8331,1.5172
294,44.810100000000006,82.7382,1.8105,1.4543,1.8452,1.4879
295,44.962500000000006,83.7677,1.8756,1.3212,1.8635,1.4879
296,45.114900000000006,87.7767,1.6568,1.393,1.8549,1.4879
297,45.267300000000006,89.4245,1.8411,1.3673,1.8535,1.5049
298,45.419700000000006,88.332,1.8739,1.5607,1.8455,1.5049
299,45.5721,86.6612,1.899,1.5936,1.8447,1.5049
300,45.7245,90.5355,1.7142,1.5896,1.8406,1.5049
301,45.8769,88.7203,1.7134,1.3636,1.8338,1.5079
302,46.0293,85.8356,1.6786,1.4676,1.8242,1.5079
303,46.1817,78.7073,1.6184,1.3602,1.8214,1.5079
304,46.3341,81.2298,1.5702,1.4383,1.8462,1.5125
305,46.4865,82.9215,1.5374,1.4861,1.8564,1.5125
306,46.6389,83.8154,2.0633,1.5132,1.8638,1.5125
307,46.7913,84.2287,1.7889,1.5871,1.8561,1.5182
308,46.9437,85.7597,1.6884,1.616,1.8626,1.5182
309,47.0961,86.7054,1.416,1.4317,1.8552,1.5182
310,47.2485,87.6797,1.5751,1.2646,1.8528,1.5182
311,47.4009,82.6095,1.6533,1.314,1.8354,1.5375
312,47.5533,84.151,1.7568,1.3126,1.8319,1.5375
313,47.7057,84.7294,1.7269,1.4921,1.8155,1.5375
314,47.8581,85.9599,1.8001,1.5095,1.8215,1.5077
315,48.0105,81.0568,1.772,1.4493,1.8232,1.5077
316,48.1629,79.293,1.9059,1.5097,1.8316,1.5077
317,48.3153,84.1623,1.8364,1.4144,1.8327,1.5346
318,48.4677,88.761,1.8703,1.5828,1.8403,1.5346
319,48.6201,91.1751,1.8339,1.6109,1.8384,1.5346
320,48.7725,90.6375,1.8206,1.5764,1.8353,1.5281
321,48.9249,89.9738,1.6273,1.4737,1.831,1.5281
322,49.0773,89.0092,1.7799,1.4758,1.8301,1.5281
323,49.2297,86.5906,1.799,1.4318,1.8291,1.5281
324,49.3821,84.9111,1.8667,1.5897,1.8239,1.5239
325,49.5345,82.1096,1.8116,1.367,1.8317,1.5239
326,49.6869,82.4613,1.5804,1.3031,1.8376,1.5239
327,49.8393,82.4975,1.5137,1.4208,1.8513,1.5317
328,49.9917,84.3479,1.5638,1.4381,1.8585,1.5317
329,50.1441,84.4934,1.6798,1.4214,1.8689,1.5317
330,50.2965,85.7923,1.5864,1.4673,1.8628,1.5481
331,50.4489,85.0132,1.5265,1.4567,1.8391,1.5481
332,50.6013,85.8732,1.4985,1.4036,1.8208,1.5481
333,50.7537,85.1564,1.5195,1.43,1.8222,1.5356
334,50.9061,83.95,1.7112,1.4178,1.8344,1.5356
335,51.0585,83.0671,1.75,1.4256,1.8383,1.5356
336,51.2109,83.4566,1.503,1.202,1.8575,1.5356
337,51.3633,85.2616,1.4592,1.4162,1.8358,1.5396
338,51.5157,86.8002,1.5564,1.6002,1.7952,1.5396
339,51.6681,84.837,1.389,1.4181,1.7497,1.5396
340,51.8205,84.7517,1.5018,1.4563,1.7413,1.5281
341,51.9729,84.9182,1.5769,1.321,1.7516,1.5281
342,52.1253,87.2747,1.8737,1.4249,1.7516,1.5281
343,52.2777,84.9631,1.5193,1.4436,1.7004,1.5383
344,52.4301,84.0215,1.6526,1.5153,1.693,1.5383
345,52.5825,82.9919,1.7142,1.4258,1.6446,1.5383
346,52.7349,86.2833,1.7233,1.3227,1.6064,1.5383
347,52.8873,88.2406,1.5657,1.4706,1.5988,1.5513
348,53.0397,90.3254,1.436,1.4038,1.6184,1.5513
349,53.1921,88.1045,1.4435,1.0791,1.7152,1.5513
350,53.344500000000004,87.2442,1.4167,1.2505,1.7437,1.5439
351,53.496900000000004,83.2046,1.4699,1.3139,1.8049,1.5439
352,53.649300000000004,85.0748,1.3767,1.2633,1.8089,1.5439
353,53.801700000000004,86.9519,1.4298,0.9828,1.8424,1.5491
354,53.954100000000004,90.5975,1.4613,1.2517,1.8313,1.5491
355,54.106500000000004,90.2179,1.4223,1.3081,1.8284,1.5491
356,54.258900000000004,88.582,1.511,1.4178,1.7959,1.5436
357,54.411300000000004,86.7658,1.3562,1.3818,1.8001,1.5436
358,54.563700000000004,86.08,1.4193,1.4004,1.7705,1.5436
359,54.716100000000004,84.4869,1.9391,1.427,1.7897,1.5436
360,54.868500000000004,84.7942,1.7594,1.5093,1.8045,1.5377
361,55.020900000000005,85.1735,1.8517,1.4063,1.853,1.5377
362,55.173300000000005,85.7953,1.658,1.1865,1.8499,1.5377
363,55.325700000000005,84.3081,1.4135,1.1862,1.8252,1.548
364,55.478100000000005,81.9489,1.4306,1.2245,1.7912,1.548
365,55.630500000000005,70.1224,1.4207,1.2495,1.772,1.548
366,55.782900000000005,69.4803,1.447,1.2209,1.7682,1.5349
367,55.935300000000005,66.6368,1.3319,1.1802,1.7811,1.5349
368,56.087700000000005,73.1937,1.4114,1.2487,1.7578,1.5349
369,56.240100000000005,70.3657,1.4157,1.3029,1.7237,1.5349
370,56.392500000000005,72.9049,1.3783,1.2825,1.7197,1.5187
371,56.544900000000005,74.3729,1.5241,1.2755,1.7059,1.5187
372,56.697300000000006,77.693,1.4596,1.3059,1.6399,1.5187
373,56.849700000000006,80.8054,1.2141,1.3605,1.5687,1.5001
374,57.002100000000006,84.2947,1.0003,1.4317,1.4576,1.5001
375,57.154500000000006,82.2342,1.5873,1.2695,1.4117,1.5001
376,57.306900000000006,81.1358,1.375,1.3005,1.4599,1.5618
377,57.459300000000006,85.6593,1.4822,1.0889,1.5592,1.5618
378,57.611700000000006,100.0713,1.0924,0.9665,1.7136,1.5618
379,57.764100000000006,108.831,1.0806,0.7202,1.7259,1.5634
380,57.916500000000006,112.7298,1.0221,0.7968,1.7416,1.5634
381,58.068900000000006,106.9165,1.3697,1.044,1.7255,1.5634
382,58.22130000000001,101.5688,1.4079,1.0565,1.7208,1.5634
383,58.37370000000001,94.4756,1.443,1.0693,1.7233,1.5481
384,58.52610000000001,93.2122,1.48,1.1974,1.7163,1.5481
385,58.6785,97.3848,1.2543,1.0872,1.7014,1.5481
386,58.8309,103.3031,1.1786,1.1556,1.6793,1.5435
387,58.9833,102.3837,1.1674,1.1879,1.6637,1.5435
388,59.1357,97.8546,1.1892,1.1276,1.663,1.5435
389,59.2881,94.1457,1.1337,1.2935,1.6781,1.5647
390,59.4405,94.966,1.2109,1.2823,1.69,1.5647
391,59.5929,97.2594,1.1987,1.2911,1.7026,1.5647
392,59.7453,97.5917,1.2382,1.2904,1.6978,1.5647
393,59.8977,98.0626,1.2222,1.2766,1.6929,1.5807
394,60.0501,94.29,1.3529,1.2804,1.6811,1.5807
395,60.2025,91.6584,1.2677,1.241,1.678,1.5807
396,60.3549,88.9703,1.3933,1.2278,1.6758,1.4932
397,60.5073,88.9795,1.4923,1.2197,1.6745,1.4932
398,60.6597,88.9886,1.3319,1.2379,1.6776,1.4932
399,60.8121,88.6238,1.3076,1.2319,1.6785,1.5021
400,60.9645,89.7153,1.2668,1.2188,1.6846,1.5021
401,61.1169,90.8067,1.2536,1.1999,1.6928,1.5021
402,61.2693,94.7865,1.2261,1.2,1.7057,1.5433
403,61.4217,97.3829,1.2328,1.2802,1.7182,1.5433
404,61.5741,98.2549,1.3894,1.1995,1.7221,1.5433
405,61.7265,96.5306,1.3948,1.2006,1.7207,1.5433
406,61.8789,95.8906,1.4142,1.186,1.727,1.5242
407,62.0313,92.5331,1.3678,1.1546,1.7067,1.5242
408,62.1837,90.8498,1.3124,1.3336,1.6586,1.5242
409,62.3361,88.1672,1.3255,1.347,1.6154,1.5233
410,62.4885,90.4081,1.3741,1.3612,1.5796,1.5233
411,62.6409,92.2308,1.392,1.1218,1.6041,1.5233
412,62.7933,95.5191,1.2533,1.043,1.6324,1.511
413,62.9457,98.3257,1.2547,1.205,1.691,1.511
414,63.0981,99.9396,1.3581,1.1729,1.7175,1.511
415,63.2505,100.003,1.3105,1.1421,1.7471,1.5271
416,63.4029,99.9035,1.2456,1.2374,1.7619,1.5271
417,63.5553,99.3026,1.1862,1.247,1.7774,1.5271
418,63.7077,98.7016,1.3783,1.2568,1.7802,1.5271
419,63.8601,98.2636,1.3817,1.282,1.7689,1.5301
420,64.0125,97.9459,1.2844,1.3201,1.7329,1.5301
421,64.1649,97.6282,1.4263,1.4039,1.7124,1.5301
422,64.3173,95.8161,1.5912,1.4154,1.7106,1.5106
423,64.4697,93.145,1.6322,1.4251,1.7052,1.5106
424,64.6221,92.1912,1.5049,1.2965,1.7015,1.5106
425,64.7745,92.7318,1.2933,1.338,1.6992,1.5271
426,64.9269,95.7608,1.4001,1.2738,1.7138,1.5271
427,65.07929999999999,95.6058,1.3929,1.2006,1.7114,1.5271
428,65.23169999999999,95.4508,1.3542,1.2548,1.7022,1.5271
429,65.38409999999999,84.6401,1.3029,1.2383,1.7056,1.5142
430,65.53649999999999,81.4004,1.3297,1.2712,1.7304,1.5142
431,65.68889999999999,78.8348,1.3507,1.1967,1.7636,1.5142
432,65.84129999999999,89.819,1.3699,1.274,1.7709,1.4945
433,65.99369999999999,92.347,1.3095,1.2772,1.7709,1.4945
434,66.14609999999999,92.3625,1.2874,1.2946,1.7709,1.4945
435,66.29849999999999,88.8251,1.3012,1.224,1.7666,1.5345
436,66.45089999999999,87.6398,1.3172,1.2906,1.7784,1.5345
437,66.60329999999999,87.7209,1.401,1.3002,1.8028,1.5345
438,66.75569999999999,86.7771,1.4433,1.3514,1.84,1.5542
439,66.90809999999999,84.2806,1.419,1.3397,1.8512,1.5542
440,67.06049999999999,82.6926,1.4871,1.3349,1.8388,1.5542
441,67.21289999999999,81.4764,1.422,1.2593,1.8377,1.5542
442,67.36529999999999,80.9757,1.4668,1.2526,1.8432,1.5612
443,67.51769999999999,79.8455,1.3559,1.297,1.8271,1.5612
444,67.67009999999999,79.2839,1.3832,1.2443,1.813,1.5612
445,67.82249999999999,79.4282,1.3651,1.2753,1.8025,1.5095
446,67.97489999999999,81.1492,1.2266,1.3002,1.8159,1.5095
447,68.12729999999999,80.7653,1.3277,1.2693,1.8159,1.5095
448,68.27969999999999,80.5126,1.2643,1.2996,1.8019,1.5271
449,68.43209999999999,78.2262,1.2903,1.2714,1.7942,1.5271
450,68.58449999999999,80.1316,1.4317,1.3025,1.7264,1.5271
451,68.73689999999999,82.0371,1.4748,1.2853,1.6776,1.5271
452,68.88929999999999,85.5079,1.4824,1.0867,1.63,1.5123
453,69.04169999999999,86.3231,1.5118,1.2718,1.6293,1.5123
454,69.19409999999999,88.1285,1.0644,0.9228,1.6428,1.5123
455,69.34649999999999,90.241,1.2281,0.916,1.658,1.5138
456,69.49889999999999,94.2502,1.2302,1.0432,1.7075,1.5138
457,69.65129999999999,101.346,1.4114,1.2188,1.7383,1.5138
458,69.80369999999999,107.3195,1.2708,1.2071,1.775,1.5414
459,69.95609999999999,113.4297,1.1926,1.2082,1.776,1.5414
460,70.10849999999999,117.5353,1.2391,1.1497,1.7992,1.5414
461,70.26089999999999,121.641,1.3956,1.2157,1.7986,1.5282
462,70.41329999999999,116.9062,1.2291,1.224,1.8054,1.5282
463,70.56569999999999,110.0993,1.2347,1.1651,1.8745,1.5282
464,70.71809999999999,101.1634,1.1746,1.1529,1.9698,1.5282
465,70.87049999999999,99.0345,1.1716,1.2745,2.0751,1.5212
466,71.02289999999999,101.1825,1.4506,1.3384,1.9899,1.5212
467,71.1753,105.4595,1.5394,1.3403,1.9226,1.5212
468,71.3277,102.756,1.5641,1.3047,1.8607,1.5273
469,71.4801,98.5567,1.5617,3.8269,1.85,1.5273
470,71.6325,94.3574,4.392,1.7847,1.8392,1.5273
471,71.7849,95.6275,1.4909,1.883,1.8523,1.5277
472,71.9373,94.7184,1.8577,1.6693,1.8425,1.5277
473,72.0897,94.7411,1.8989,1.6747,1.8389,1.5277
474,72.2421,97.8512,1.9106,1.6801,1.8353,1.5277
475,72.3945,99.6109,1.9225,1.6123,1.8359,1.5281
476,72.5469,100.4389,1.6539,1.5781,1.8383,1.5281
477,72.6993,99.6902,1.6691,1.4953,1.8498,1.5281
478,72.8517,98.3459,1.6968,1.4632,1.8272,1.5411
479,73.0041,98.1724,1.7349,1.4829,1.8251,1.5411
480,73.1565,94.4307,1.7287,1.5733,1.8142,1.5411
481,73.3089,91.9036,1.6874,1.5995,1.8429,1.5357
482,73.4613,89.094,1.7085,1.5981,1.8523,1.5357
483,73.6137,92.1272,1.8394,1.6067,1.8503,1.5357
484,73.7661,93.3654,1.8416,1.6169,1.8498,1.6734
485,73.9185,94.016,1.7472,1.6361,1.8483,1.6734
486,74.0709,92.392,1.7325,1.6334,1.8599,1.6734
487,74.2233,90.1554,1.7403,1.5357,1.8585,1.6734
488,74.3757,87.6181,1.5516,1.532,1.8585,1.7226
489,74.5281,87.5541,1.5564,1.4289,1.8599,1.7226
490,74.6805,89.5993,1.5393,1.6204,1.8563,1.7226
491,74.8329,91.6445,1.5628,1.5683,1.8537,1.5912
492,74.9853,91.7178,1.5108,1.3979,1.8417,1.5912
493,75.1377,91.6657,1.5144,1.421,1.7722,1.5912
494,75.2901,91.955,1.7094,1.4351,1.7133,1.581
495,75.4425,91.7428,1.7202,1.4584,1.665,1.581
496,75.5949,90.2969,1.7886,1.5458,1.6806,1.581
497,75.7473,88.5097,1.6046,1.7398,1.6792,1.581
498,75.8997,86.7225,1.7973,1.7829,1.6796,1.5826
499,76.0521,87.3527,1.8867,1.5032,1.6594,1.5826
500,76.2045,87.9829,1.5889,1.3628,1.6759,1.5826
501,76.3569,89.7668,1.335,1.3156,1.6947,1.5768
502,76.5093,90.9204,1.3589,1.318,1.7186,1.5768
503,76.6617,92.082,1.3744,1.3537,1.7193,1.5768
504,76.8141,92.4092,1.5678,1.3652,1.7196,1.5782
505,76.9665,92.7364,1.4058,1.3664,1.7198,1.5782
506,77.1189,92.5009,1.4866,1.3746,1.7228,1.5782
507,77.2713,92.7378,1.4868,1.383,1.7197,1.5801
508,77.4237,92.201,1.487,1.3861,1.7419,1.5801
509,77.5761,90.5805,1.5723,1.3988,1.7584,1.5801
510,77.7285,88.1684,1.5752,1.4036,1.7921,1.5801
511,77.8809,87.8046,1.504,1.4008,1.8075,1.5481
512,78.0333,89.0794,1.5204,1.4161,1.8281,1.5481
513,78.1857,91.6469,1.6549,1.4744,1.8383,1.5481
514,78.3381,92.9397,1.6977,1.4982,1.8488,1.5928
515,78.4905,95.4375,1.7275,1.5132,1.8437,1.5928
516,78.6429,96.2968,1.7292,1.5758,1.8401,1.5928
517,78.7953,98.169,1.5785,1.5031,1.8347,1.5797
518,78.9477,98.8363,1.682,1.5342,1.8223,1.5797
519,79.1001,99.8492,1.7059,1.5442,1.814,1.5797
520,79.2525,98.0699,1.6913,1.5928,1.777,1.5336
521,79.4049,95.5472,1.6291,1.5852,1.7895,1.5336
522,79.5573,93.525,1.6413,1.5417,1.801,1.5336
523,79.7097,93.2822,1.5481,1.5344,1.8343,1.5336
524,79.8621,93.2264,1.5477,1.4445,1.8343,1.561
525,80.0145,92.4588,1.5619,1.4491,1.8339,1.561
526,80.1669,91.6912,1.5391,1.4331,1.8105,1.561
527,80.3193,90.3277,1.6247,1.5092,1.7899,1.5714
528,80.4717,90.8772,1.627,1.5558,1.7709,1.5714
529,80.6241,91.4267,1.6914,1.5656,1.7699,1.5714
530,80.7765,94.2474,1.6684,1.5515,1.7772,1.5983
531,80.9289,92.5233,1.6807,1.527,1.7736,1.5983
532,81.0813,93.9495,1.6909,1.5388,1.7349,1.5983
533,81.2337,94.6571,1.667,1.5747,1.6925,1.5983
534,81.3861,98.2081,1.7313,1.5594,1.6548,1.5547
535,81.5385,94.3936,1.5753,1.5606,1.6594,1.5547
536,81.6909,92.1934,1.519,1.3577,1.6709,1.5547
537,81.8433,89.9932,1.3535,1.3359,1.696,1.5712
538,81.9957,93.7147,1.3494,1.3395,1.7188,1.5712
539,82.1481,96.3751,1.3448,1.46,1.7254,1.5712
540,82.3005,95.3996,1.3402,1.5189,1.7399,1.5759
541,82.4529,92.7176,1.4496,1.4148,1.7451,1.5759
542,82.6053,89.0817,1.6381,1.4118,1.7477,1.5759
543,82.7577,90.1203,1.6792,1.3323,1.7755,1.5645
544,82.9101,89.3998,1.3976,1.3454,1.8065,1.5645
545,83.0625,88.6794,1.4846,1.4353,1.8441,1.5645
546,83.2149,91.7132,1.5633,1.4668,1.86,1.5645
547,83.3673,92.0372,1.5616,1.4867,1.8621,1.5886
548,83.5197,92.3612,1.5726,1.5056,1.8512,1.5886
549,83.6721,90.2343,1.5838,1.5208,1.8379,1.5886
550,83.8245,92.5762,1.712,1.5777,1.8457,1.5765
551,83.9769,94.9182,1.6257,1.7116,1.8375,1.5765
552,84.1293,95.825,1.7003,1.7435,1.8085,1.5765
553,84.2817,95.7472,1.746,1.4431,1.8225,1.5407
554,84.4341,94.7733,1.7608,1.5315,1.8371,1.5407
555,84.5865,92.8926,1.6691,1.5963,1.793,1.5407
556,84.7389,80.4145,1.6226,1.5042,1.749,1.5407
557,84.8913,78.205,1.6405,1.5722,1.718,1.5557
558,85.0437,73.5907,1.7652,1.8039,1.7111,1.5557
559,85.1961,83.0621,1.7794,1.8252,1.7295,1.5557
560,85.3485,84.7694,1.313,1.0283,1.7572,1.5455
561,85.5009,88.9207,1.47,0.9579,1.7753,1.5455
562,85.6533,91.7603,1.388,1.4879,1.7516,1.5455
563,85.8057,92.9915,2.3099,1.4487,1.752,1.5792
564,85.9581,93.2331,2.1792,1.4837,1.7786,1.5792
565,86.1105,93.4093,1.4746,1.5271,1.8335,1.5792
566,86.2629,93.5854,2.2381,1.6615,1.8425,1.6018
567,86.4153,92.3984,1.6661,1.5664,1.8562,1.6018
568,86.5677,87.8208,1.7262,1.7659,1.8458,1.6018
569,86.7201,87.0432,1.6952,1.7423,1.8493,1.6018
570,86.8725,88.5793,1.732,1.6781,1.8333,1.5775
571,87.0249,90.6328,1.7415,1.6527,1.7989,1.5775
572,87.1773,88.8861,1.8131,1.7148,1.7681,1.5775
573,87.3297,87.7218,1.1632,1.8467,1.7881,1.5804
574,87.4821,88.4267,1.1544,1.6007,1.816,1.5804
575,87.6345,91.5501,1.856,1.633,1.8544,1.5804
576,87.7869,94.0912,1.7993,1.6666,1.8349,1.5606
577,87.9393,95.2904,1.7462,1.7619,1.813,1.5606
578,88.0917,94.0709,1.5161,1.7275,1.7641,1.5606
579,88.2441,92.8515,1.5229,1.4458,1.7434,1.5606
580,88.3965,90.9083,1.4951,1.4441,1.7394,1.5539
581,88.5489,88.965,1.5551,1.4913,1.7289,1.5539
582,88.7013,88.5418,1.7802,1.6746,1.7336,1.5539
583,88.8537,92.0464,1.9792,1.6577,1.7176,1.558
584,89.0061,97.7038,1.9066,1.6413,1.7345,1.558
585,89.1585,100.7012,1.9549,1.6254,1.7742,1.558
586,89.3109,97.7474,2.0052,1.624,1.8403,1.5688
587,89.4633,92.6408,1.8166,1.5579,1.8704,1.5688
588,89.6157,88.6741,1.5974,1.5122,1.8707,1.5688
589,89.7681,87.5476,1.719,1.6001,1.8721,1.5644
590,89.9205,86.1825,1.7613,1.6299,1.8636,1.5644
591,90.0729,86.6095,1.6083,1.4812,1.8475,1.5644
592,90.2253,88.1628,1.7653,1.4541,1.8322,1.5644
593,90.3777,88.9548,1.8243,1.6242,1.826,1.5548
594,90.5301,87.9548,1.7481,1.6831,1.8375,1.5548
595,90.6825,87.8996,1.6016,1.5109,1.84,1.5548
596,90.8349,84.4529,1.6595,1.5066,1.8246,1.5775
597,90.9873,83.6383,1.6946,1.6794,1.82,1.5775
598,91.13969999999999,80.5959,1.758,1.675,1.8018,1.5775
599,91.29209999999999,87.6468,1.7685,1.6541,1.8036,1.5837
600,91.44449999999999,90.3736,1.7388,1.4837,1.8274,1.5837
601,91.59689999999999,94.3833,1.9305,1.4836,1.7684,1.5837
602,91.74929999999999,89.3047,1.8693,1.4462,1.7641,1.5837
603,91.90169999999999,86.149,1.8097,1.6104,1.7312,1.5854
604,92.05409999999999,86.5368,1.8204,1.6294,1.8109,1.5854
605,92.20649999999999,91.689,1.8807,1.6486,1.8437,1.5854
606,92.35889999999999,92.7921,1.9445,1.5955,1.8407,1.5912
607,92.51129999999999,92.2235,1.7566,1.5816,1.7971,1.5912
608,92.66369999999999,90.2771,1.7372,1.4605,1.7634,1.5912
609,92.81609999999999,89.1606,1.7272,1.6536,1.7628,1.5911
610,92.96849999999999,86.7022,1.8751,1.7628,1.7776,1.5911
611,93.12089999999999,86.7848,1.8079,1.7717,1.7927,1.5911
612,93.27329999999999,90.1006,1.8237,1.5815,1.7662,1.5865
613,93.42569999999999,91.684,1.7294,1.5578,1.7429,1.5865
614,93.57809999999999,90.7264,1.7021,1.583,1.7246,1.5865
615,93.73049999999999,88.662,1.9802,1.5817,1.7353,1.5865
616,93.88289999999999,89.6632,2.0505,1.871,1.7715,1.5848
617,94.03529999999999,88.2771,1.7785,1.7253,1.8118,1.5848
618,94.18769999999999,88.5173,2.019,1.6992,1.8356,1.5848
619,94.34009999999999,77.4636,2.0075,1.8031,1.8318,1.5886
620,94.49249999999999,79.7883,1.9115,1.7786,1.7894,1.5886
621,94.64489999999999,82.3938,1.7477,1.7564,1.7545,1.5886
622,94.79729999999999,92.5321,1.8178,1.7356,1.7631,1.5886
623,94.94969999999999,93.9946,1.7034,1.7,1.7673,1.5886
624,95.1021,93.5073,1.6629,1.5851,1.7863,1.5886
625,95.2545,94.3797,1.6251,1.5814,1.7494,1.5782
626,95.4069,91.8528,1.6547,1.4973,1.749,1.5782
627,95.5593,90.2307,1.6018,1.5064,1.8036,1.5782
628,95.7117,90.5382,1.9445,1.5443,1.7892,1.5782
629,95.8641,91.1577,1.9007,1.5613,1.8103,1.6086
630,96.0165,91.6463,1.9325,1.5524,1.8003,1.6086
631,96.1689,92.4497,1.965,1.4958,1.8596,1.6086
632,96.3213,94.0253,2.0848,1.502,1.8953,1.5807
633,96.4737,95.7318,2.0207,1.4213,1.8704,1.5807
634,96.6261,95.0801,1.9494,1.4733,1.8727,1.5807
635,96.7785,93.6739,1.9168,1.4796,1.8438,1.5787
636,96.9309,89.4942,1.9272,1.5576,1.8816,1.5787
637,97.0833,88.7547,1.8027,1.575,1.9043,1.5787
638,97.2357,88.7696,1.8338,1.5634,1.8889,1.5787
639,97.3881,92.4103,1.8195,1.5751,1.8921,1.5823
640,97.5405,90.2264,1.8614,1.5774,1.8746,1.5823
641,97.6929,85.9017,1.9124,1.589,1.9147,1.5823
642,97.8453,82.8166,1.8705,1.6024,1.9144,1.5957
643,97.9977,84.0351,1.8427,1.6181,1.9139,1.5957
644,98.1501,85.8243,1.8532,1.5522,1.9042,1.5957
645,98.3025,84.8384,1.9218,1.5529,1.9056,1.608
646,98.4549,82.5851,1.9305,1.5535,1.9049,1.608
647,98.6073,85.5303,1.9392,1.4082,1.8972,1.608
648,98.7597,89.1588,1.848,1.5898,1.8643,1.5822
649,98.9121,92.7873,1.7947,1.5826,1.8635,1.5822
650,99.0645,91.3162,1.9305,1.5872,1.8649,1.5822
651,99.2169,89.1777,1.9378,1.5918,1.8601,1.5822
652,99.3693,87.2851,1.9452,1.8114,1.8536,1.5855
653,99.5217,86.8637,1.9012,1.7589,1.8303,1.5855
654,99.6741,87.1096,1.9374,1.7933,1.8298,1.5855
655,99.8265,88.7781,1.8588,1.7887,1.8271,1.5886
656,99.9789,88.434,1.856,1.784,1.8296,1.5886
657,100.1313,88.6015,1.8531,1.8245,1.8299,1.5886
658,100.2837,87.1005,1.7037,1.8454,1.8063,1.6039
659,100.4361,87.6121,1.6851,1.645,1.7857,1.6039
660,100.5885,88.6512,1.6607,1.5534,1.7672,1.6039
661,100.7409,89.3822,1.672,1.5502,1.7759,1.6039
662,100.8933,94.8644,1.6708,1.4868,1.7759,1.5998
663,101.0457,94.9748,1.7081,1.4982,1.766,1.5998
664,101.1981,97.1421,1.7452,1.5298,1.7658,1.5998
665,101.3505,95.1474,1.8063,1.5977,1.7733,1.5923
666,101.5029,93.4254,1.7945,1.6153,1.7638,1.5923
667,101.6553,90.5608,1.846,1.6738,1.7793,1.5923
668,101.8077,87.107,2.0025,1.75,1.7984,1.5886
669,101.9601,90.0979,2.0143,1.7705,1.8118,1.5886
670,102.1125,89.9402,2.0343,1.79,1.7889,1.5886
671,102.2649,90.5138,2.0204,1.8649,1.7811,1.5945
672,102.4173,88.7028,2.0054,1.8746,1.778,1.5945
673,102.5697,90.2287,2.0131,1.8843,1.7792,1.5945
674,102.7221,90.7633,2.0208,1.8377,1.7592,1.5945
675,102.8745,91.2978,1.9408,1.8037,1.7808,1.5887
676,103.0269,91.0377,1.9176,1.7766,1.7781,1.5887
677,103.1793,91.3234,1.8814,1.7318,1.8405,1.5887
678,103.3317,91.0257,1.8882,1.7531,1.8626,1.5838
679,103.4841,90.728,1.9182,1.7389,1.9165,1.5838
680,103.6365,91.1433,1.9092,1.7166,1.9221,1.5838
681,103.7889,92.8426,1.9575,1.7952,1.9277,1.5851
682,103.9413,94.5419,2.0896,1.7985,1.9221,1.5851
683,104.0937,95.2611,2.0821,1.8533,1.918,1.5851
684,104.2461,94.2528,2.1025,1.9311,1.9126,1.5851
685,104.3985,93.2445,2.0445,1.8897,1.916,1.5996
686,104.5509,89.9838,2.0386,1.7809,1.8693,1.5996
687,104.7033,88.4247,2.029,1.776,1.8391,1.5996
688,104.8557,86.8657,2.0322,1.771,1.836,1.5983
689,105.0081,87.5403,2.0353,1.775,1.8563,1.5983
690,105.1605,89.5476,2.0384,1.9081,1.8798,1.5983
691,105.3129,91.5549,2.0593,1.7316,1.887,1.5983
692,105.4653,93.5622,2.0639,1.7249,1.8817,1.5983
693,105.6177,92.3233,2.0846,1.736,1.8814,1.5983
694,105.7701,89.3774,2.0513,1.7239,1.8561,1.6076
695,105.9225,86.821,2.0642,1.7119,1.8606,1.6076
696,106.0749,85.3429,2.0772,1.7638,1.851,1.6076
697,106.2273,85.5719,2.0297,1.7574,1.8367,1.6076
698,106.3797,85.4112,2.0447,1.7512,1.8695,1.6095
699,106.5321,88.9876,2.0599,1.8091,1.8862,1.6095
700,106.6845,92.564,1.9208,1.9228,1.9401,1.6095
701,106.8369,96.1405,1.976,1.9284,1.9436,1.6158
702,106.9893,95.651,1.9934,1.9341,1.9523,1.6158
703,107.1417,93.1096,2.0111,1.9705,1.9554,1.6158
704,107.2941,87.641,2.0807,1.9527,1.9477,1.6212
705,107.4465,82.6618,2.0483,1.9336,1.9431,1.6212
706,107.5989,83.8364,2.0493,1.8504,1.9419,1.6212
707,107.7513,85.6222,2.0177,1.8479,1.9418,1.5758
708,107.9037,87.7536,2.0353,1.9675,1.9133,1.5758
709,108.0561,85.7831,1.9926,1.9195,1.8889,1.5758
710,108.2085,86.0561,1.9492,1.93,1.8588,1.5758
711,108.3609,84.0928,1.9494,1.8357,1.8604,1.6037
712,108.5133,84.3968,1.933,1.8575,1.8802,1.6037
713,108.6657,84.7734,1.9379,1.6616,1.8918,1.6037
714,108.8181,87.0406,2.18,1.6378,1.8933,1.6247
715,108.9705,88.6863,2.1836,1.7344,1.8741,1.6247
716,109.1229,86.6342,2.0707,2.0814,1.8686,1.6247
717,109.2753,86.5725,2.0059,2.0619,1.8806,1.6205
718,109.4277,85.7175,1.7689,2.0641,1.8831,1.6205
719,109.5801,89.5858,1.7617,2.0663,1.9018,1.6205
720,109.7325,90.1001,1.7545,1.8814,1.903,1.6205
721,109.8849,88.5818,1.9238,1.704,1.9147,1.6221
722,110.0373,86.0379,1.9122,1.831,1.8975,1.6221
723,110.1897,86.0001,2.2096,1.9125,1.8922,1.6221
724,110.3421,88.4128,2.248,2.0161,1.8925,1.6135
725,110.4945,90.5671,2.2684,2.0944,1.8456,1.6135
726,110.6469,90.873,2.7795,1.9736,1.8259,1.6135
727,110.7993,90.528,2.4662,1.9809,1.8463,1.6247
728,110.9517,89.2613,2.5099,1.9883,1.9032,1.6247
729,111.1041,87.5524,2.5551,1.9956,1.9468,1.6247
730,111.2565,85.2244,2.6018,3.9094,1.9276,1.6324
731,111.4089,84.0762,2.6501,2.9752,1.913,1.6324
732,111.5613,84.0762,2.9208,2.7826,1.8728,1.6324
733,111.7137,84.0762,2.4543,2.7511,1.8502,1.6324
734,111.8661,84.0855,2.4748,2.462,1.8472,1.6172
735,112.0185,79.5797,2.4884,2.0903,1.8657,1.6172
736,112.1709,82.9079,2.1922,2.088,1.8883,1.6172
737,112.3233,86.2269,2.1893,1.8648,1.8809,1.6164
738,112.4757,93.3932,2.1905,1.8653,1.8299,1.6164
739,112.6281,94.4623,2.0992,1.8186,1.8265,1.6164
740,112.7805,95.5315,2.0013,1.8262,1.8428,1.6356
741,112.9329,97.6712,2.0226,1.839,1.882,1.6356
742,113.0853,97.9753,2.1148,2.0315,1.8719,1.6356
743,113.2377,95.772,2.1724,1.9916,1.8547,1.6356
744,113.3901,93.8671,2.1798,1.9123,1.857,1.6927
745,113.5425,92.0609,2.003,1.9374,1.8616,1.6927
746,113.6949,83.4973,1.9724,1.8933,1.8798,1.6927
747,113.8473,83.7858,1.9029,1.8641,1.8758,1.6934
748,113.9997,83.4799,1.9751,1.8742,1.8646,1.6934
749,114.1521,92.2084,2.1456,2.0027,1.8564,1.6934
750,114.3045,91.3837,2.3536,1.9694,1.8372,1.6634
751,114.4569,92.7819,2.2161,1.9842,1.8552,1.6634
752,114.6093,95.1412,2.0695,2.0791,1.8809,1.6634
753,114.7617,96.4713,2.0791,2.1018,1.916,1.6536
754,114.9141,94.156,2.1556,2.1249,1.9162,1.6536
755,115.0665,91.1101,2.1871,2.057,1.8991,1.6536
756,115.2189,91.0419,2.2862,1.9292,1.9281,1.6536
757,115.3713,92.9906,1.7982,1.9044,1.8813,1.6347
758,115.5237,96.2375,1.791,1.8802,1.8938,1.6347
759,115.6761,97.5358,1.7839,1.6502,1.8381,1.6347
760,115.8285,99.9038,1.7768,1.6401,1.8969,1.618
761,115.9809,100.9736,1.8632,1.5682,1.9079,1.618
762,116.1333,102.0434,1.9952,1.5698,1.9168,1.618
763,116.2857,100.1454,2.0005,1.7889,1.8951,1.635
764,116.4381,97.7375,1.842,1.717,1.8624,1.635
765,116.5905,95.3296,1.8408,1.7413,1.8295,1.635
766,116.7429,95.5531,1.7749,1.742,1.8392,1.635
767,116.8953,94.5242,1.7994,1.8185,1.8633,1.6314
768,117.0477,92.6214,2.1323,1.9176,1.9174,1.6314
769,117.20009999999999,89.9851,2.1634,1.9425,1.9038,1.6314
770,117.35249999999999,87.8509,2.1905,1.9531,1.9016,1.6348
771,117.50489999999999,85.3294,2.2184,1.972,1.8932,1.6348
772,117.65729999999999,89.6621,2.1723,1.8223,1.9038,1.6348
773,117.80969999999999,95.2551,2.2009,1.81,1.8947,1.6437
774,117.96209999999999,96.7815,2.1917,1.798,1.8952,1.6437
775,118.11449999999999,93.5288,2.1826,1.7011,1.9056,1.6437
776,118.26689999999999,90.2761,2.0005,1.7672,1.934,1.6007
777,118.41929999999999,92.3513,2.2386,1.7716,1.9724,1.6007
778,118.57169999999999,92.4897,2.1841,1.8081,1.9913,1.6007
779,118.72409999999999,91.8068,2.3272,1.7708,2.0286,1.6007
780,118.8765,89.3795,2.3362,1.7691,2.0386,1.5983
781,119.0289,86.8368,2.3707,1.8157,2.0381,1.5983
782,119.1813,88.5967,2.4791,1.8568,2.0256,1.5983
783,119.3337,90.5741,2.4295,1.8014,2.029,1.6191
784,119.4861,91.6547,2.4755,1.8796,2.028,1.6191
785,119.6385,87.1819,2.3566,1.8691,2.0056,1.6191
786,119.7909,87.4371,2.3614,1.8587,1.9763,1.6375
787,119.9433,89.2277,2.3663,1.8485,1.9452,1.6375
788,120.0957,92.8649,2.3712,1.6447,1.927,1.6375
789,120.2481,93.3008,2.3762,1.72,1.9089,1.6375
790,120.4005,93.0752,2.3878,1.636,1.9007,1.6255
791,120.5529,93.0752,2.3807,1.6946,1.9191,1.6255
792,120.7053,91.2272,2.399,1.6621,1.9366,1.6255
793,120.8577,89.5781,2.5453,1.6631,1.9572,1.6342
794,121.0101,87.0878,2.5651,2.0426,1.9646,1.6342
795,121.1625,86.5338,3.0781,2.0411,1.9615,1.6342
796,121.3149,85.781,3.0588,2.3268,1.964,1.6726
797,121.4673,89.4777,2.708,2.3226,1.941,1.6726
798,121.6197,93.0861,2.6985,2.0087,1.9231,1.6726
799,121.7721,96.0824,2.8281,1.9797,1.886,1.6964
800,121.9245,95.5635,3.0079,1.9841,1.8751,1.6964
801,122.0769,95.4617,3.0111,2.234,1.8656,1.6964
802,122.2293,93.4558,3.5198,3.0546,1.8611,1.6964
803,122.3817,91.3567,4.3243,3.0556,1.8435,1.678
804,122.5341,89.0795,4.357,3.0566,1.8284,1.678
805,122.6865,88.2122,4.3625,3.3469,1.8189,1.678
806,122.8389,88.6701,4.1525,3.4504,1.8219,1.6811
807,122.9913,88.8889,5.1326,3.5959,1.7776,1.6811
808,123.1437,80.8508,5.6251,6.8216,1.7585,1.6811
809,123.2961,80.5882,7.2758,7.8257,1.6653,1.6939
810,123.4485,80.7419,7.0996,8.0161,1.641,1.6939
811,123.6009,90.2589,7.2753,7.5387,1.602,1.6939
812,123.7533,91.3317,7.4321,7.4213,1.6335,1.6832
813,123.9057,89.4679,15.006,7.1848,1.6609,1.6832
814,124.0581,89.3466,18.0448,9.1276,1.6901,1.6832
815,124.2105,86.5401,17.8153,8.4802,1.7011,1.6832
816,124.3629,86.2539,8.9533,7.9136,1.7011,1.7226
817,124.5153,84.0184,9.0077,7.9107,1.6851,1.7226
818,124.6677,85.419,8.5762,6.6832,1.6716,1.7226
819,124.8201,90.5188,8.8706,6.4842,1.6602,1.7804
820,124.9725,93.0712,10.9194,8.5043,1.6523,1.7804
821,125.1249,93.8886,9.4262,7.7794,1.6418,1.7804
822,125.2773,90.9788,10.9099,7.5884,1.6323,1.7949
823,125.4297,89.2264,9.7006,9.4158,1.6251,1.7949
824,125.5821,88.2238,11.1894,9.5912,1.6283,1.7949
825,125.7345,88.2372,7.0514,9.7733,1.6357,1.7949
826,125.8869,88.7366,7.0946,9.9625,1.6499,1.8287
827,126.0393,90.9834,7.1384,6.5815,1.6534,1.8287
828,126.1917,92.2421,7.4305,6.2102,1.6522,1.8287
829,126.3441,94.6115,6.4029,6.7775,1.6369,2.0564
830,126.4965,92.0997,5.8782,5.6891,1.6293,2.0564
831,126.6489,89.588,6.6071,5.083,1.6186,2.0564
832,126.8013,87.3023,7.484,5.0479,1.631,1.9885
833,126.9537,88.4712,7.3034,6.6731,1.6405,1.9885
834,127.1061,92.1204,6.8881,6.6264,1.6403,1.9885
835,127.2585,95.0345,6.8941,5.2481,1.6305,1.9754
836,127.4109,93.9903,6.1822,5.3125,1.6186,1.9754
837,127.5633,90.4658,6.6795,5.0101,1.6071,1.9754
838,127.7157,89.4548,10.492,5.0369,1.6013,1.9754
839,127.8681,89.0797,10.6231,4.1834,1.6143,1.9992
840,128.02050000000003,88.7046,8.0615,6.0146,1.6231,1.9992
841,128.17290000000003,86.7511,8.7545,5.5661,1.6397,1.9992
842,128.32530000000003,88.1712,8.731,5.5428,1.6454,2.0305
843,128.47770000000003,90.8913,6.8314,5.5198,1.661,2.0305
844,128.63010000000003,93.1853,6.5751,4.1191,1.7004,2.0305
845,128.78250000000003,93.2762,5.819,4.1874,1.7237,1.9858
846,128.93490000000003,92.067,5.8271,4.258,1.7411,1.9858
847,129.08730000000003,91.9232,5.8352,4.6094,1.7191,1.9858
848,129.23970000000003,92.9886,6.5333,4.7292,1.7023,1.9858
849,129.39210000000003,94.0539,6.3619,4.7135,1.6874,1.9739
850,129.54450000000003,94.2545,6.3223,4.5883,1.6835,1.9739
851,129.69690000000003,93.3842,6.2832,4.8401,1.6829,1.9739
852,129.84930000000003,92.5139,7.9822,4.8729,1.683,2.0056
853,130.00170000000003,91.4431,7.9676,7.3249,1.6736,2.0056
854,130.1541,91.7665,8.5019,6.0703,1.6656,2.0056
855,130.3065,92.9976,8.539,6.5549,1.659,1.9646
856,130.4589,92.7157,8.1796,6.5346,1.6635,1.9646
857,130.6113,91.6862,8.2062,5.1471,1.672,1.9646
858,130.7637,89.749,5.1969,6.4001,1.6821,1.9813
859,130.9161,87.9402,7.1041,6.5005,1.6738,1.9813
860,131.0685,87.7636,7.1436,6.6931,1.6675,1.9813
861,131.2209,89.575,6.8599,7.5263,1.661,1.9813
862,131.3733,92.7711,7.1183,5.9339,1.6593,1.9265
863,131.5257,94.9313,5.7438,6.8002,1.6578,1.9265
864,131.6781,93.3813,6.3888,7.0024,1.6568,1.9265
865,131.8305,90.6915,6.5094,4.5394,1.6515,1.9334
866,131.9829,87.8296,6.5249,4.6721,1.6687,1.9334
867,132.1353,89.687,6.0751,4.6573,1.6903,1.9334
868,132.2877,92.6841,6.0947,4.6425,1.7134,1.9529
869,132.4401,96.4091,6.1145,5.3172,1.7054,1.9529
870,132.5925,97.1372,6.3051,5.2154,1.7107,1.9529
871,132.7449,97.8652,6.1614,5.2477,1.7283,1.9529
872,132.8973,96.1073,6.1499,5.1118,1.7511,1.9906
873,133.0497,92.4513,6.1591,5.4683,1.7495,1.9906
874,133.2021,88.7952,5.9591,5.5223,1.7432,1.9906
875,133.3545,90.0326,6.0612,5.7403,1.723,1.9757
876,133.5069,92.4807,6.4766,6.0591,1.6926,1.9757
877,133.6593,92.9249,5.6019,6.0631,1.6747,1.9757
878,133.8117,90.2335,5.5315,6.0671,1.6765,1.9807
879,133.9641,89.3941,5.4629,6.1209,1.6881,1.9807
880,134.1165,90.5586,7.3685,6.1799,1.6677,1.9807
881,134.2689,91.7231,7.397,7.227,1.6651,2.0248
882,134.4213,91.8036,6.9992,5.4262,1.6773,2.0248
883,134.5737,91.884,5.7108,5.7427,1.7192,2.0248
884,134.7261,91.7085,5.7948,5.781,1.7465,2.0248
885,134.8785,90.969,5.8061,5.0867,1.7506,1.948
886,135.0309,92.6584,5.6383,5.2462,1.7506,1.948
887,135.1833,94.6038,5.9948,5.3566,1.7506,1.948
888,135.3357,93.7496,5.9645,5.5567,1.7481,1.9408
889,135.4881,91.0677,7.0252,5.7096,1.741,1.9408
890,135.6405,87.3276,6.221,5.7251,1.7333,1.9408
891,135.7929,88.6025,5.6355,5.3019,1.7454,1.9464
892,135.9453,90.5517,5.6582,5.3475,1.7647,1.9464
893,136.0977,92.7138,5.4053,4.6862,1.7873,1.9464
894,136.2501,93.144,3.9242,4.6355,1.7873,1.9437
895,136.4025,92.0897,3.9426,3.8306,1.7897,1.9437
896,136.5549,93.4285,4.5772,3.8775,1.7809,1.9437
897,136.7073,94.7672,4.5841,4.3179,1.7663,1.9437
898,136.8597,94.8435,4.5739,4.0421,1.7482,1.9266
899,137.0121,93.6961,4.8926,4.0468,1.7355,1.9266
900,137.1645,92.5487,5.1461,4.2752,1.7229,1.9266
901,137.3169,92.8372,5.4114,4.3075,1.7178,1.9056
902,137.4693,92.9402,5.5377,4.8018,1.694,1.9056
903,137.6217,93.9037,5.5276,4.6025,1.6676,1.9056
904,137.7741,94.9024,5.5006,4.7157,1.6432,1.8851
905,137.9265,96.046,5.3182,4.7236,1.645,1.8851
906,138.0789,96.5018,5.32,4.7317,1.6586,1.8851
907,138.2313,97.4514,5.3218,3.8139,1.6731,1.8851
908,138.3837,98.118,4.3593,4.2128,1.6798,1.9443
909,138.5361,98.6119,4.3593,4.2123,1.6732,1.9443
910,138.6885,96.8287,3.9498,4.194,1.6745,1.9443
911,138.8409,95.0454,3.9756,3.4694,1.6774,1.8878
912,138.9933,93.7709,4.128,3.4549,1.6789,1.8878
913,139.1457,94.2796,4.1206,3.5672,1.6867,1.8878
914,139.2981,94.7883,3.4722,2.8543,1.6935,1.8705
915,139.4505,94.1428,3.3452,2.7917,1.6999,1.8705
916,139.6029,96.9319,2.578,2.1247,1.697,1.8705
917,139.7553,97.0324,2.6593,2.0956,1.7012,1.8586
918,139.9077,101.4291,2.6727,2.5646,1.7116,1.8586
919,140.0601,101.7871,2.62,2.5863,1.7219,1.8586
920,140.2125,104.8337,2.6126,2.6082,1.7233,1.8586
921,140.3649,102.4857,2.6052,2.0901,1.7182,1.9021
922,140.5173,100.742,2.2373,2.0741,1.7288,1.9021
923,140.6697,98.9982,2.257,2.1885,1.7486,1.9021
924,140.8221,98.9982,2.3416,2.2065,1.7578,1.9041
925,140.9745,98.8156,2.3393,2.1411,1.7757,1.9041
926,141.1269,97.7798,2.6944,2.1095,1.7716,1.9041
927,141.2793,96.794,3.2501,2.2879,1.8105,1.8633
928,141.4317,96.3099,2.5905,2.2986,1.822,1.8633
929,141.5841,96.4866,2.467,2.2351,1.8592,1.8633
930,141.7365,95.9082,2.3047,2.4263,1.84,1.8633
931,141.8889,96.0232,2.3846,2.4475,1.8147,1.8344
932,142.0413,95.4358,2.2912,2.2286,1.7933,1.8344
933,142.1937,97.6427,2.3031,2.1205,1.7979,1.8344
934,142.3461,98.0287,2.3605,2.1721,1.8097,1.782
935,142.4985,99.3094,2.2874,2.1818,1.8235,1.782
936,142.6509,88.4797,2.2976,2.0658,1.8191,1.782
937,142.8033,88.4785,2.2061,2.0863,1.8184,1.6799
938,142.9557,88.4772,2.2403,1.9517,1.805,1.6799
939,143.1081,100.2185,1.9484,1.9467,1.8045,1.6799
940,143.2605,101.0788,1.9706,1.8616,1.7766,1.6837
941,143.4129,100.8673,2.0846,1.9727,1.7637,1.6837
942,143.5653,98.3971,2.2367,1.997,1.766,1.6837
943,143.7177,96.4048,2.1968,1.9956,1.7841,1.6837
944,143.8701,96.4692,2.2786,2.0818,1.8037,1.7134
945,144.0225,97.534,2.2763,2.1294,1.8009,1.7134
946,144.1749,96.4547,2.4328,2.2555,1.8056,1.7134
947,144.3273,94.8804,2.4218,2.1737,1.8063,1.6856
948,144.4797,89.8726,2.3952,2.1718,1.8191,1.6856
949,144.6321,91.8543,2.3978,2.1733,1.8289,1.6856
950,144.7845,93.2273,2.424,2.3974,1.8314,1.6624
951,144.9369,97.5705,2.5888,2.0078,1.8425,1.6624
952,145.0893,96.7026,2.4063,2.006,1.8332,1.6624
953,145.2417,95.9538,2.4051,1.9406,1.8382,1.6624
954,145.3941,95.1356,2.4039,1.9426,1.8097,1.7053
955,145.5465,96.5343,2.031,1.9447,1.8018,1.7053
956,145.6989,97.933,2.0319,2.0637,1.7986,1.7053
957,145.8513,99.1617,2.8081,2.2229,1.8129,1.6891
958,146.0037,98.9224,2.4657,2.3385,1.8261,1.6891
959,146.1561,99.0922,2.4753,2.3171,1.8452,1.6891
960,146.3085,96.5514,2.4849,2.3478,1.8759,1.6659
961,146.4609,94.0106,2.8695,2.4443,1.9155,1.6659
962,146.6133,91.0606,2.3421,2.3319,1.9266,1.6659
963,146.7657,91.7501,2.2448,2.3681,1.9163,1.6913
964,146.9181,93.1415,2.1897,2.2652,1.9098,1.6913
965,147.0705,92.3751,2.7623,2.2762,1.8739,1.6913
966,147.2229,93.9414,2.7743,2.1452,1.8551,1.6913
967,147.3753,94.8058,2.2064,2.1604,1.8441,1.7224
968,147.5277,97.9602,2.3881,2.1543,1.8624,1.7224
969,147.6801,98.3062,2.3888,2.0625,1.8794,1.7224
970,147.8325,98.3301,2.0393,1.8056,1.9037,1.6908
971,147.9849,98.2217,2.0785,1.7373,1.871,1.6908
972,148.1373,99.8154,2.3618,1.7444,1.8429,1.6908
973,148.2897,100.9141,2.3766,1.7516,1.8123,1.6778
974,148.4421,100.3934,2.3915,1.7459,1.8193,1.6778
975,148.5945,97.9569,2.2192,1.8271,1.8295,1.6778
976,148.7469,96.3375,2.246,1.8395,1.8341,1.6778
977,148.8993,96.3375,2.1727,2.0306,1.8303,1.6924
978,149.0517,96.7981,2.1801,2.0658,1.8312,1.6924
979,149.2041,97.8565,2.2319,2.0829,1.8291,1.6924
980,149.3565,97.6859,2.2469,2.1003,1.834,1.7337
981,149.5089,94.4243,2.2621,2.0364,1.8536,1.7337
982,149.6613,90.5647,2.2212,2.0069,1.8802,1.7337
983,149.8137,87.9342,2.7512,1.9692,1.8731,1.6933
984,149.9661,90.3215,2.3702,1.9706,1.8533,1.6933
985,150.1185,89.0747,2.3439,1.9701,1.8403,1.6933
986,150.2709,92.6137,3.2954,2.8303,1.8512,1.6793
987,150.4233,93.7653,2.3834,2.8252,1.8838,1.6793
988,150.5757,98.551,2.4174,2.0511,1.8902,1.6793
989,150.7281,98.2048,2.6898,2.4317,1.909,1.6793
990,150.8805,97.4545,2.4012,2.4497,1.9056,1.6924
991,151.0329,98.5314,2.4099,2.4679,1.9212,1.6924
992,151.1853,99.7338,2.4186,2.185,1.9347,1.6924
993,151.3377,101.3403,2.3554,2.2049,1.9328,1.6893
994,151.4901,101.1197,2.3083,2.1254,1.9343,1.6893
995,151.6425,102.6173,2.3716,2.1186,1.9182,1.6893
996,151.7949,104.2672,2.3719,2.1758,1.9129,1.6837
997,151.9473,104.9251,2.529,2.148,1.9151,1.6837
998,152.0997,104.0853,2.393,2.1688,1.9266,1.6837
999,152.2521,99.1599,2.4053,1.9219,1.911,1.7022
1000,152.4045,95.8706,2.6603,2.2242,1.8992,1.7022
1001,152.5569,92.5812,2.7431,2.0584,1.8878,1.7022
1002,152.7093,95.0407,2.7559,2.0458,1.9237,1.7022
1003,152.8617,95.0242,2.7418,2.3163,1.9786,1.7053
1004,153.0141,96.3081,2.7656,2.321,2.0538,1.7053
1005,153.1665,95.7764,2.7631,2.3076,2.0843,1.7053
1006,153.3189,98.331,2.7733,2.2339,2.0882,1.7186
1007,153.4713,99.5852,2.5663,2.1952,2.063,1.7186
1008,153.6237,101.1247,2.5738,2.1233,2.0388,1.7186
1009,153.7761,102.3861,2.7538,2.2039,2.0053,1.7112
1010,153.9285,101.119,2.838,2.0578,2.0046,1.7112
1011,154.0809,100.6514,2.91,2.2375,2.0008,1.7112
1012,154.2333,98.2343,2.7074,2.2576,2.0163,1.7112
1013,154.3857,99.8453,2.7568,2.3494,2.0248,1.7009
1014,154.53810000000001,98.6657,2.9193,2.2022,2.0047,1.7009
1015,154.69050000000001,100.1689,2.761,2.1697,1.9642,1.7009
1016,154.84290000000001,98.5684,2.7028,2.2165,1.931,1.6783
1017,154.99530000000001,98.1495,2.7321,2.2246,1.9232,1.6783
1018,155.14770000000001,96.5258,2.7565,2.2328,1.923,1.6783
1019,155.30010000000001,99.3548,2.7813,2.2167,1.9335,1.6935
1020,155.45250000000001,102.7078,2.8066,2.2067,1.9736,1.6935
1021,155.60490000000001,105.5561,2.5717,2.2167,2.0104,1.6935
1022,155.75730000000001,105.5561,2.6033,2.2537,2.0354,1.6991
1023,155.90970000000002,101.9065,2.5984,2.1896,2.0108,1.6991
1024,156.06210000000002,100.3735,2.6056,2.1665,2.0094,1.6991
1025,156.21450000000002,98.8405,2.5892,2.1439,1.9885,1.6991
1026,156.36690000000002,101.1866,2.573,2.1521,1.9851,1.7017
1027,156.51930000000002,101.1063,2.6162,2.1942,1.9653,1.7017
1028,156.67170000000002,101.0259,2.5405,2.1914,1.9706,1.7017
1029,156.82410000000002,101.3997,2.5457,2.1198,1.9693,1.6981
1030,156.97650000000002,102.444,2.551,2.1127,1.9651,1.6981
1031,157.12890000000002,101.9089,2.418,2.1056,1.9729,1.6981
1032,157.28130000000002,100.6901,2.4159,2.0391,1.994,1.7061
1033,157.43370000000002,96.8908,2.4966,1.9814,1.9847,1.7061
1034,157.58610000000002,94.671,2.4372,1.9749,1.9632,1.7061
1035,157.73850000000002,92.4512,2.4404,1.9566,1.9384,1.7061
1036,157.89090000000002,95.0329,2.4601,1.9681,1.9384,1.7008
1037,158.04330000000002,99.1485,2.5383,1.9549,1.9471,1.7008
1038,158.19570000000002,103.8482,2.5919,1.7734,1.9474,1.7008
1039,158.34810000000002,106.3904,2.4058,1.7908,1.919,1.7167
1040,158.50050000000002,105.3478,2.4523,1.6916,1.8769,1.7167
1041,158.65290000000002,103.721,2.6266,1.8219,1.8366,1.7167
1042,158.80530000000002,99.6969,2.6166,1.8197,1.8231,1.7206
1043,158.95770000000002,97.7235,2.6216,2.2806,1.8378,1.7206
1044,159.11010000000002,95.6221,2.4077,2.2502,1.8684,1.7206
1045,159.26250000000002,96.2944,2.4246,2.2164,1.9072,1.7022
1046,159.41490000000002,97.1374,2.4418,2.2212,1.9156,1.7022
1047,159.56730000000002,98.1085,2.3729,2.226,1.9292,1.7022
1048,159.71970000000002,98.2791,2.3642,2.2127,1.9327,1.7022
1049,159.87210000000002,98.0541,2.2175,2.072,1.9386,1.7263
1050,160.02450000000002,97.8291,2.201,2.021,1.9359,1.7263
1051,160.17690000000002,99.7118,2.0967,2.0801,1.9298,1.7263
1052,160.32930000000002,100.8094,2.2913,1.9531,1.9169,1.713
1053,160.48170000000002,100.6782,2.2708,1.9163,1.9093,1.713
1054,160.63410000000002,100.4823,2.1535,2.0687,1.9095,1.713
1055,160.78650000000002,99.581,2.3531,1.8405,1.913,1.6798
1056,160.93890000000002,99.9085,2.5778,1.8428,1.9001,1.6798
1057,161.09130000000002,98.293,2.5649,1.8451,1.8962,1.6798
1058,161.24370000000002,98.393,2.5521,1.8473,1.9077,1.6798
1059,161.39610000000002,100.7027,2.5395,1.5363,1.9224,1.7005
1060,161.54850000000002,102.9124,2.5312,1.6762,1.9665,1.7005
1061,161.70090000000002,105.122,2.7395,1.6306,1.9731,1.7005
1062,161.85330000000002,102.5778,2.8011,1.7187,1.9873,1.6671
1063,162.00570000000002,99.5281,2.9521,2.0539,1.9664,1.6671
1064,162.15810000000002,96.9148,2.2798,2.0544,1.9485,1.6671
1065,162.31050000000002,95.9376,2.3089,1.9784,1.9199,1.713
1066,162.46290000000002,95.6608,2.3388,1.9694,1.8977,1.713
1067,162.61530000000002,98.1692,2.6758,1.9756,1.8757,1.713
1068,162.76770000000002,101.5857,2.2957,1.9567,1.8811,1.6908
1069,162.92010000000002,102.5463,2.2748,1.9383,1.8725,1.6908
1070,163.07250000000002,100.8969,2.2543,1.7801,1.8748,1.6908
1071,163.22490000000002,99.2474,2.589,2.0371,1.8562,1.6908
1072,163.37730000000002,99.8589,2.7549,2.0189,1.837,1.6981
1073,163.52970000000002,100.2271,2.1981,1.9874,1.8199,1.6981
1074,163.68210000000002,100.5953,2.2007,1.8786,1.816,1.6981
1075,163.83450000000002,103.126,2.1933,1.8444,1.8268,1.6878
1076,163.98690000000002,104.0029,2.1208,1.7912,1.8394,1.6878
1077,164.13930000000002,104.8797,1.9634,1.7676,1.8391,1.6878
1078,164.29170000000002,104.3992,1.9882,1.85,1.8344,1.7244
1079,164.44410000000002,103.1661,2.027,1.8425,1.826,1.7244
1080,164.59650000000002,101.9329,2.0486,1.9642,1.8316,1.7244
1081,164.74890000000002,99.8945,2.2462,1.9623,1.8307,1.7244
1082,164.90130000000002,97.9365,2.2566,1.9307,1.8545,1.7223
1083,165.05370000000002,97.0022,2.3872,2.0954,1.8758,1.7223
1084,165.20610000000002,96.0679,2.1796,1.9584,1.8896,1.7223
1085,165.35850000000002,95.703,2.2016,1.8215,1.8915,1.7156
1086,165.51090000000002,94.6928,2.2024,1.8129,1.8893,1.7156
1087,165.66330000000002,95.1901,2.2038,1.7547,1.8901,1.7156
1088,165.81570000000002,93.3602,2.5277,1.6931,1.8938,1.7187
1089,165.96810000000002,93.4701,2.6292,1.6883,1.8911,1.7187
1090,166.12050000000002,90.6218,2.639,1.6836,1.8903,1.7187
1091,166.27290000000002,88.3252,2.6488,2.5652,1.8898,1.6855
1092,166.42530000000002,83.7104,2.3216,1.9969,1.9127,1.6855
1093,166.57770000000002,80.5464,2.8743,1.978,1.9342,1.6855
1094,166.73010000000002,86.6296,2.9172,1.9595,1.934,1.6855
1095,166.88250000000002,93.3728,2.9613,1.984,1.9313,1.6938
1096,167.03490000000002,98.7169,2.713,1.9761,1.9352,1.6938
1097,167.18730000000002,97.9778,2.6224,2.2008,1.9158,1.6938
1098,167.33970000000002,96.5788,2.4283,2.0646,1.8961,1.6747
1099,167.49210000000002,96.8148,2.2921,2.1132,1.8673,1.6747
1100,167.64450000000002,97.0508,2.2931,1.9931,1.8753,1.6747
1101,167.79690000000002,94.8765,2.4365,1.9751,1.8744,1.6758
1102,167.94930000000002,92.4663,2.4168,2.063,1.8802,1.6758
1103,168.10170000000002,90.056,1.881,2.0073,1.871,1.6758
1104,168.25410000000002,89.7885,1.7954,1.957,1.8914,1.7337
1105,168.40650000000002,91.616,2.2276,1.985,1.9142,1.7337
1106,168.55890000000002,93.1438,2.0866,1.9875,1.9453,1.7337
1107,168.71130000000002,95.74,2.0987,1.9255,1.958,1.7337
1108,168.86370000000002,97.8686,1.9469,1.9966,1.9531,1.7299
1109,169.01610000000002,100.2971,2.7707,2.0003,1.9256,1.7299
1110,169.16850000000002,99.557,2.7464,2.0909,1.8999,1.7299
1111,169.32090000000002,97.1894,2.7226,2.0853,1.8843,1.7307
1112,169.47330000000002,95.0793,2.921,2.0797,1.8954,1.7307
1113,169.62570000000002,95.3366,3.0532,2.9868,1.9246,1.7307
1114,169.77810000000002,91.5823,3.0409,3.0217,1.9727,1.7145
1115,169.93050000000002,87.5705,3.0999,2.8685,2.0233,1.7145
1116,170.08290000000002,85.7814,3.2965,2.3126,2.0525,1.7145
1117,170.23530000000002,88.3418,5.2961,2.2944,2.0462,1.7145
1118,170.38770000000002,90.9021,5.0344,2.2765,2.0467,1.7193
1119,170.54010000000002,91.4412,4.7977,3.3574,2.0536,1.7193
1120,170.69250000000002,93.7841,3.1764,3.0142,2.0538,1.7193
1121,170.84490000000002,96.127,3.3017,2.8089,2.0484,1.7061
1122,170.99730000000002,96.1387,3.4275,2.6351,2.0379,1.7061
1123,171.14970000000002,95.5238,2.9657,2.6345,2.032,1.7061
1124,171.30210000000002,93.6952,2.9322,2.1164,2.0255,1.6968
1125,171.45450000000002,91.1495,2.5748,2.0928,2.0041,1.6968
1126,171.60690000000002,86.5967,2.5732,1.9454,1.9854,1.6968
1127,171.75930000000002,83.8268,2.7731,2.0603,1.9405,1.6935
1128,171.91170000000002,83.9038,4.3049,2.8756,1.9159,1.6935
1129,172.06410000000002,82.3514,2.9475,2.4994,1.9443,1.6935
1130,172.21650000000002,86.1932,2.7819,2.5405,1.9823,1.6935
1131,172.36890000000002,90.035,2.8188,2.2726,2.0372,1.7299
1132,172.52130000000002,94.9424,2.7538,1.4075,2.0182,1.7299
1133,172.67370000000003,93.8863,2.5261,1.6396,2.0143,1.7299
1134,172.82610000000003,91.9231,2.5122,1.6314,1.9952,1.7793
1135,172.97850000000003,90.8785,2.5814,1.6145,1.9851,1.7793
1136,173.13090000000003,89.6159,2.5662,1.6765,1.9626,1.7793
1137,173.28330000000003,90.246,2.3933,1.6876,1.9627,1.8197
1138,173.43570000000003,91.0137,2.352,1.6291,1.9436,1.8197
1139,173.58810000000003,91.3523,2.3599,1.649,1.909,1.8197
1140,173.74050000000003,94.5118,2.3657,1.6606,1.9069,1.8197
1141,173.89290000000003,95.9811,2.3881,1.6754,1.8879,1.8057
1142,174.04530000000003,98.0973,2.1843,1.4245,1.8536,1.8057
1143,174.19770000000003,97.2409,1.9503,1.6753,1.7951,1.8057
1144,174.35010000000003,98.1076,2.4405,1.7644,1.7657,1.7255
1145,174.50250000000003,96.9892,2.4555,1.8377,1.8143,1.7255
1146,174.65490000000003,94.1652,2.4858,1.9777,1.8382,1.7255
1147,174.80730000000003,91.0475,2.6484,2.0067,1.9201,1.7976
1148,174.95970000000003,88.7086,2.5607,1.9838,1.9276,1.7976
1149,175.11210000000003,87.9934,2.4546,1.9692,1.9658,1.7976
1150,175.26450000000003,84.3898,2.4414,1.9549,1.9699,1.8135
1151,175.41690000000003,81.9925,2.4284,1.9408,1.9881,1.8135
1152,175.56930000000003,83.0422,2.4155,1.7217,1.9995,1.8135
1153,175.72170000000003,87.2411,2.2856,1.6567,1.9791,1.8135
1154,175.87410000000003,91.4401,2.396,1.6913,1.9629,1.7224
1155,176.02650000000003,89.7144,2.3919,1.6951,1.9551,1.7224
1156,176.17890000000003,87.9888,2.3741,1.7174,1.9449,1.7224
1157,176.33130000000003,90.8451,2.5241,1.7191,1.9303,1.6957
1158,176.48370000000003,92.0826,2.541,1.7207,1.9053,1.6957
1159,176.63610000000003,95.5242,2.5581,1.6754,1.894,1.6957
1160,176.78850000000003,94.3839,2.3299,1.6559,1.8832,1.6769
1161,176.94090000000003,96.5881,2.3251,1.5797,1.9122,1.6769
1162,177.09330000000003,96.7886,2.1501,1.6395,1.9311,1.6769
1163,177.24570000000003,96.989,2.5319,1.6386,1.9583,1.6769
1164,177.39810000000003,94.1555,2.526,1.6304,1.9444,1.6913
1165,177.55050000000003,93.3054,2.525,1.6938,1.9388,1.6913
1166,177.70290000000003,92.4554,2.3628,1.7117,1.9358,1.6913
1167,177.85530000000003,93.9925,2.4712,1.7041,1.9208,1.6995
1168,178.00770000000003,93.4566,2.3472,1.7008,1.9082,1.6995
1169,178.16010000000003,93.795,2.3944,1.6173,1.9006,1.6995
1170,178.31250000000003,91.6385,2.3317,1.6146,1.9052,1.707
1171,178.46490000000003,92.4913,2.2768,1.5863,1.9133,1.707
1172,178.61730000000003,91.0694,2.2584,1.5302,1.9157,1.707
1173,178.76970000000003,92.1353,2.2784,1.5233,1.9158,1.7071
1174,178.92210000000003,90.0811,2.1609,1.5164,1.9216,1.7071
1175,179.07450000000003,86.5523,2.1527,1.4502,1.9137,1.7071
1176,179.22690000000003,84.2342,2.2042,1.5193,1.903,1.7071
1177,179.37930000000003,81.9162,2.2124,1.4688,1.9011,1.7096
1178,179.53170000000003,82.2831,2.3466,1.5591,1.9056,1.7096
1179,179.68410000000003,80.2679,2.4286,1.6845,1.9108,1.7096
1180,179.83650000000003,79.4976,2.4507,1.742,1.9132,1.7214
1181,179.98890000000003,81.6081,2.3524,1.6552,1.9403,1.7214
1182,180.14130000000003,85.5438,2.2709,1.642,1.9471,1.7214
1183,180.29370000000003,86.0629,2.0876,1.6516,1.9547,1.7194
1184,180.44610000000003,83.8912,2.0783,2.1781,1.9411,1.7194
1185,180.59850000000003,81.3539,2.2859,2.1757,1.9583,1.7194
1186,180.75090000000003,80.9883,2.3082,2.1908,1.9724,1.71
1187,180.90330000000003,76.8781,2.6158,2.4506,1.9792,1.71
1188,181.05570000000003,73.1335,2.6339,2.3402,1.9744,1.71
1189,181.20810000000003,73.9618,2.5737,2.2517,1.9823,1.71
1190,181.36050000000003,78.5347,2.5027,2.1976,1.9844,1.7078
1191,181.51290000000003,82.6206,2.3038,2.2425,1.9686,1.7078
1192,181.66530000000003,83.6021,2.2848,2.0151,1.96,1.7078
1193,181.81770000000003,83.0467,2.4057,2.3099,1.9513,1.7075
1194,181.97010000000003,82.9782,2.8953,2.5327,1.9595,1.7075
1195,182.1225,79.4634,2.8544,2.2258,1.9697,1.7075
1196,182.2749,79.7341,2.7089,2.2312,1.9779,1.6914
1197,182.4273,81.603,2.7043,2.4291,1.9777,1.6914
1198,182.5797,82.7526,2.3507,2.2013,1.9745,1.6914
1199,182.7321,85.069,2.3286,2.1999,1.9589,1.6914
1200,182.8845,84.8658,2.4512,2.2179,1.9508,1.7421
1201,183.0369,87.8738,1.9012,1.8354,1.9434,1.7421
1202,183.1893,83.9237,1.7672,1.6705,1.9466,1.7421
1203,183.3417,81.6023,2.18,1.9221,1.9429,1.7471
1204,183.4941,81.3818,2.2036,1.9066,1.938,1.7471
1205,183.6465,88.8729,1.8351,1.5871,1.9119,1.7471
1206,183.7989,95.6569,1.8253,1.5643,1.8924,1.7434
1207,183.9513,96.0065,1.7068,1.4038,1.904,1.7434
1208,184.1037,92.1871,2.2958,1.6831,1.9108,1.7434
1209,184.2561,86.9636,2.9389,1.9636,1.8922,1.7942
1210,184.4085,85.5596,2.7699,1.9679,1.824,1.7942
1211,184.5609,84.0912,2.7816,2.0142,1.835,1.7942
1212,184.7133,84.6697,2.0004,1.6542,1.8672,1.7942
1213,184.8657,85.2482,1.9923,1.7312,1.8926,1.7614
1214,185.0181,88.8004,1.7707,1.5193,1.8474,1.7614
1215,185.1705,94.2813,2.1915,1.9148,1.8238,1.7614
1216,185.3229,98.85,2.0983,1.8987,1.8246,1.7714
1217,185.4753,101.4278,2.0636,1.9104,1.8153,1.7714
1218,185.6277,100.287,2.0651,1.9718,1.8223,1.7714
1219,185.7801,99.5925,1.9969,1.9433,1.8216,1.7397
1220,185.9325,97.9794,2.0757,1.9403,1.8347,1.7397
1221,186.0849,97.5215,2.1729,1.9466,1.8153,1.7397
1222,186.2373,96.3605,2.1772,1.9542,1.8128,1.7397
1223,186.3897,95.0868,2.2665,1.953,1.8329,1.7019
1224,186.5421,93.8051,2.5152,2.1316,1.849,1.7019
1225,186.6945,94.9675,2.586,2.1692,1.879,1.7019
1226,186.8469,96.3015,2.575,2.2783,1.8558,1.6988
1227,186.9993,98.5936,2.9087,2.2816,1.822,1.6988
1228,187.1517,99.6105,2.7349,2.033,1.7902,1.6988
1229,187.3041,98.6838,2.5008,2.2358,1.7734,1.7316
1230,187.4565,96.799,2.4908,2.2259,1.7702,1.7316
1231,187.6089,94.9141,2.3953,2.1508,1.7696,1.7316
1232,187.7613,94.9599,2.4102,2.1744,1.7771,1.7408
1233,187.9137,92.3523,2.3962,2.1998,1.7864,1.7408
1234,188.0661,93.9506,2.3821,2.3928,1.7866,1.7408
1235,188.2185,90.3579,2.4282,2.0411,1.791,1.7408
1236,188.3709,89.4187,2.2878,2.0235,1.8101,1.6857
1237,188.5233,86.8663,2.2797,2.0049,1.8316,1.6857
1238,188.6757,91.4905,2.2719,2.0393,1.8517,1.6857
1239,188.8281,96.1147,2.1747,1.9954,1.8304,1.7072
1240,188.9805,98.146,2.1484,1.9493,1.8216,1.7072
1241,189.1329,100.0323,2.1601,1.9784,1.8103,1.7072
1242,189.2853,101.9187,2.316,1.9782,1.8199,1.6844
1243,189.4377,104.9962,2.2442,2.1108,1.8245,1.6844
1244,189.5901,104.1422,2.4059,2.122,1.8166,1.6844
1245,189.7425,103.9712,2.3365,2.124,1.8139,1.6844
1246,189.8949,100.7788,2.3479,2.1146,1.8222,1.673
1247,190.0473,100.7298,2.3278,2.1413,1.8431,1.673
1248,190.1997,99.9977,2.3173,2.131,1.8577,1.673
1249,190.3521,97.7414,2.3312,2.1291,1.8555,1.7066
1250,190.5045,97.2951,2.313,2.225,1.8457,1.7066
1251,190.6569,98.5779,2.421,2.2573,1.8398,1.7066
1252,190.8093,103.2154,2.4448,2.2883,1.8404,1.717
1253,190.9617,102.4512,2.4184,2.3202,1.8493,1.717
1254,191.1141,99.0891,2.3926,2.1992,1.8557,1.717
1255,191.2665,95.7269,2.4398,2.2114,1.8519,1.7142
1256,191.4189,94.8581,2.288,2.2237,1.8439,1.7142
1257,191.5713,97.6796,2.2832,2.1187,1.8483,1.7142
1258,191.7237,101.5481,2.2784,2.0029,1.8702,1.7142
1259,191.8761,105.4166,2.1157,1.9926,1.8785,1.7091
1260,192.0285,106.4636,1.7914,1.8153,1.8838,1.7091
1261,192.1809,103.0237,2.5966,1.8557,1.8876,1.7091
1262,192.3333,100.1151,2.6172,2.3305,1.8768,1.6659
1263,192.4857,95.17,2.6382,2.3654,1.8752,1.6659
1264,192.6381,93.6647,2.5509,2.416,1.8565,1.6659
1265,192.7905,91.6281,2.3011,2.0958,1.8851,1.6891
1266,192.9429,93.2539,2.1507,1.9889,1.8676,1.6891
1267,193.0953,95.2641,2.16,1.9529,1.8845,1.6891
1268,193.2477,95.8832,2.1847,1.9424,1.8834,1.6891
1269,193.4001,94.3314,2.1675,1.937,1.9086,1.7386
1270,193.5525,92.3951,2.0741,1.9326,1.9063,1.7386
1271,193.7049,94.5267,2.0453,1.9876,1.9291,1.7386
1272,193.8573,97.2034,2.2089,2.0026,1.9165,1.7062
1273,194.0097,97.1964,2.1974,2.0489,1.9234,1.7062
1274,194.1621,94.5127,2.1841,2.0432,1.9123,1.7062
1275,194.3145,91.1621,2.1934,2.0129,1.9123,1.7448
1276,194.4669,91.4506,2.1329,2.0013,1.9164,1.7448
1277,194.6193,89.5196,2.108,1.9746,1.9131,1.7448
1278,194.7717,88.0895,2.1283,1.9734,1.9031,1.6994
1279,194.9241,85.0526,2.1231,1.9738,1.8772,1.6994
1280,195.0765,86.4126,2.1193,1.9371,1.8693,1.6994
1281,195.2289,88.1453,2.1155,1.6491,1.8607,1.6994
1282,195.3813,90.5295,1.777,1.5614,1.85,1.7022
1283,195.5337,90.7361,1.9092,1.7557,1.8376,1.7022
1284,195.6861,93.9173,1.8923,1.6993,1.8394,1.7022
1285,195.8385,97.1732,1.9773,1.7727,1.8226,1.7078
1286,195.9909,97.0911,1.9039,1.7482,1.8227,1.7078
1287,196.1433,95.9548,1.9202,1.7756,1.8184,1.7078
1288,196.2957,94.0845,1.9334,1.7881,1.839,1.7299
1289,196.4481,95.5521,2.0092,1.7867,1.8291,1.7299
1290,196.6005,93.7861,1.9763,1.8014,1.82,1.7299
1291,196.7529,95.0552,1.9236,1.8024,1.8154,1.6988
1292,196.9053,95.7255,1.9357,1.7117,1.8241,1.6988
1293,197.0577,99.33,2.0696,1.9395,1.8357,1.6988
1294,197.2101,95.9103,2.0714,1.8776,1.8521,1.6988
1295,197.3625,95.3018,2.0894,1.8833,1.8742,1.7144
1296,197.5149,92.5836,2.0463,1.8271,1.8658,1.7144
1297,197.6673,93.3139,2.0672,1.8265,1.8612,1.7144
1298,197.8197,93.2756,2.1134,1.83,1.855,1.7103
1299,197.9721,91.3342,2.134,1.8331,1.8604,1.7103
1300,198.1245,90.4406,2.156,1.933,1.8454,1.7103
1301,198.2769,88.1033,2.2119,1.9371,1.862,1.7069
1302,198.4293,87.9513,2.2178,1.9412,1.8778,1.7069
1303,198.5817,87.9513,2.2239,2.1441,1.8991,1.7069
1304,198.7341,88.9179,2.5294,2.5671,1.8865,1.7069
1305,198.8865,89.8846,2.7898,2.6625,1.8805,1.7066
1306,199.0389,90.0813,2.6817,2.6603,1.9027,1.7066
1307,199.1913,88.3197,2.7784,2.6426,1.9271,1.7066
1308,199.3437,89.5297,2.7739,2.5468,1.9242,1.6938
1309,199.4961,90.0445,2.769,2.4927,1.9111,1.6938
1310,199.6485,91.551,2.4604,2.4622,1.9008,1.6938
1311,199.8009,90.0858,2.5317,2.6341,1.9109,1.6875
1312,199.9533,87.1198,2.4416,2.6065,1.9118,1.6875
1313,200.1057,88.345,2.5333,2.5909,1.9214,1.6875
1314,200.2581,89.5701,2.2302,2.5425,1.9331,1.7094
1315,200.4105,92.4725,2.2025,2.3221,1.9467,1.7094
1316,200.5629,91.8086,2.3812,2.3196,1.9504,1.7094
1317,200.7153,91.1447,2.1565,2.2404,1.9504,1.7094
1318,200.8677,91.3879,2.2548,2.4032,1.9462,1.7094
1319,201.0201,90.5847,2.264,2.3815,1.9612,1.7094
1320,201.1725,89.9054,2.2013,2.4914,1.9753,1.7094
1321,201.3249,89.608,1.9823,2.4892,2.005,1.7297
1322,201.4773,90.0457,2.0134,2.306,2.0151,1.7297
1323,201.6297,94.4578,2.1445,2.1434,2.0343,1.7297
1324,201.7821,98.8698,1.9316,2.0965,2.038,1.7827
1325,201.9345,100.4361,1.9483,2.0792,2.0114,1.7827
1326,202.0869,96.9222,1.9207,2.0694,1.9722,1.7827
1327,202.23930000000001,94.0242,1.7733,2.0326,1.9349,1.7827
1328,202.39170000000001,95.2747,1.9236,2.2246,1.9314,1.7853
1329,202.54410000000001,94.4295,2.0886,2.3872,1.9461,1.7853
1330,202.69650000000001,92.9685,2.1063,2.4058,1.9629,1.7853
1331,202.84890000000001,89.9143,2.2707,2.4881,1.93,1.7847
1332,203.00130000000001,91.2724,2.4543,2.3837,1.8992,1.7847
1333,203.15370000000001,93.4991,2.4669,2.4471,1.8598,1.7847
1334,203.30610000000001,98.6686,2.8509,2.4427,1.8537,1.7877
1335,203.45850000000002,99.0099,2.8735,2.5568,1.8426,1.7877
1336,203.61090000000002,96.3288,2.7985,2.5881,1.8499,1.7877
1337,203.76330000000002,93.8739,2.7457,2.6318,1.8703,1.8694
1338,203.91570000000002,91.3424,2.759,2.2795,1.8854,1.8694
1339,204.06810000000002,90.8647,2.4443,2.3316,1.9049,1.8694
1340,204.22050000000002,87.1945,2.4005,2.2864,1.9154,1.8694
1341,204.37290000000002,88.9428,2.2558,2.2433,1.9341,1.8453
1342,204.52530000000002,90.7913,2.4065,2.2364,1.9561,1.8453
1343,204.67770000000002,92.0819,2.417,2.3817,1.9805,1.8453
1344,204.83010000000002,91.1878,2.4181,2.3477,1.9837,1.8011
1345,204.98250000000002,90.2936,2.6753,2.2837,1.9636,1.8011
1346,205.13490000000002,91.4099,2.5036,2.35,1.9565,1.8011
1347,205.28730000000002,91.9142,2.3758,2.2693,1.9542,1.8148
1348,205.43970000000002,95.8396,2.3809,2.2128,1.9601,1.8148
1349,205.59210000000002,98.3124,2.3963,2.2146,1.9663,1.8148
1350,205.74450000000002,99.8566,2.3875,2.2691,1.9715,1.8148
1351,205.89690000000002,95.1454,2.377,2.1944,1.9682,1.8341
1352,206.04930000000002,90.4342,2.5858,2.2077,1.958,1.8341
1353,206.20170000000002,89.3129,2.6285,2.3631,1.9674,1.8341
1354,206.35410000000002,90.6341,2.6135,2.3105,1.98,1.8109
1355,206.50650000000002,91.9554,2.4346,2.3651,1.9976,1.8109
1356,206.65890000000002,91.4796,2.5574,2.247,2.0114,1.8109
1357,206.81130000000002,90.971,2.4874,2.2732,2.0269,1.8112
1358,206.96370000000002,90.5316,2.5351,2.2777,2.0238,1.8112
1359,207.11610000000002,90.1762,2.7086,2.347,2.0123,1.8112
1360,207.26850000000002,88.7389,2.4361,2.3926,2.0088,1.7852
1361,207.42090000000002,87.8573,2.6777,2.3877,1.9959,1.7852
1362,207.57330000000002,86.462,2.6698,2.3864,2.0007,1.7852
1363,207.72570000000002,86.4035,2.6114,2.3604,1.9881,1.7852
1364,207.87810000000002,88.7813,2.7167,2.3419,1.9954,1.7617
1365,208.03050000000002,90.314,2.7067,2.5996,1.9949,1.7617
1366,208.18290000000002,93.2577,2.1537,1.9817,2.0029,1.7617
1367,208.33530000000002,93.14,2.0949,1.9636,1.9924,1.7822
1368,208.48770000000002,92.005,2.0642,1.9557,1.9933,1.7822
1369,208.64010000000002,90.3314,1.9859,1.9301,1.9714,1.7822
1370,208.79250000000002,89.8195,2.0916,1.9317,1.9569,1.7632
1371,208.94490000000002,93.332,2.0928,1.9588,1.9256,1.7632
1372,209.09730000000002,92.5246,2.3045,1.9559,1.9137,1.7632
1373,209.24970000000002,88.9369,2.3083,1.953,1.9101,1.7632
1374,209.40210000000002,84.5698,2.3121,1.9993,1.9143,1.7761
1375,209.55450000000002,83.8203,1.9953,1.9936,1.9236,1.7761
1376,209.70690000000002,84.6893,2.0033,1.8917,1.9236,1.7761
1377,209.85930000000002,84.4902,2.0294,1.8964,1.9234,1.789
1378,210.01170000000002,84.2912,1.9926,1.8209,1.9168,1.789
1379,210.16410000000002,84.5305,2.0762,1.9038,1.9033,1.789
1380,210.31650000000002,86.8672,2.014,1.8512,1.9006,1.8321
1381,210.46890000000002,87.6389,2.04,1.8536,1.9104,1.8321
1382,210.62130000000002,87.9722,2.0524,1.95,1.9259,1.8321
1383,210.77370000000002,86.9908,2.0649,2.0395,1.9365,1.7605
1384,210.92610000000002,87.5743,2.2529,1.9961,1.9417,1.7605
1385,211.07850000000002,88.1579,2.1948,1.8356,1.9448,1.7605
1386,211.23090000000002,87.518,2.2286,1.8684,1.9507,1.7605
1387,211.38330000000002,85.8231,2.2004,1.8278,1.9344,1.7635
1388,211.53570000000002,82.7253,2.1872,1.8051,1.9208,1.7635
1389,211.68810000000002,78.5659,1.9621,1.7983,1.9156,1.7635
1390,211.84050000000002,75.4615,2.1785,1.9101,1.9289,1.7573
1391,211.99290000000002,77.0688,2.1876,2.097,1.9397,1.7573
1392,212.14530000000002,80.3778,3.2011,2.6237,1.954,1.7573
1393,212.29770000000002,82.1915,3.2215,2.5032,1.9705,1.7404
1394,212.45010000000002,81.0667,3.2057,2.5681,1.9733,1.7404
1395,212.60250000000002,80.3967,2.9153,2.3492,1.9842,1.7404
1396,212.75490000000002,81.5026,2.7599,2.3103,1.9881,1.7527
1397,212.90730000000002,82.2379,2.7508,1.885,1.9997,1.7527
1398,213.05970000000002,81.6666,2.4929,1.8649,1.9857,1.7527
1399,213.21210000000002,80.8149,2.5029,1.9008,1.9851,1.7527
1400,213.36450000000002,80.6434,2.6315,1.9555,1.9891,1.7192
1401,213.51690000000002,86.7436,2.6497,2.2385,1.9869,1.7192
1402,213.66930000000002,86.2712,2.4238,2.1653,1.9981,1.7192
1403,213.82170000000002,85.7721,2.235,2.0878,2.0022,1.7577
1404,213.97410000000002,81.8759,2.1935,1.9821,2.0006,1.7577
1405,214.12650000000002,84.7584,2.0126,1.972,1.9889,1.7577
1406,214.27890000000002,86.9873,1.8224,1.9591,1.9815,1.7454
1407,214.43130000000002,89.4426,1.8508,1.9463,1.9739,1.7454
1408,214.58370000000002,90.1575,1.8802,1.566,1.9735,1.7454
1409,214.73610000000002,90.8724,1.8177,1.4395,1.9368,1.7454
1410,214.88850000000002,89.3382,1.8471,1.2165,1.8964,1.7606
1411,215.04090000000002,88.8807,2.2537,1.462,1.8583,1.7606
1412,215.19330000000002,90.6042,2.2576,1.4802,1.8349,1.7606
1413,215.34570000000002,95.3374,2.2305,1.3823,1.8161,1.865
1414,215.49810000000002,99.3649,1.6056,1.3177,1.8196,1.865
1415,215.65050000000002,101.2115,1.3677,1.3011,1.8363,1.865
1416,215.80290000000002,97.4801,1.3164,1.1273,1.8351,1.8477
1417,215.95530000000002,97.2552,1.5064,1.1916,1.8262,1.8477
1418,216.10770000000002,97.0304,1.5174,0.6914,1.8181,1.8477
1419,216.26010000000002,98.8321,1.0849,0.6576,1.8363,1.8155
1420,216.41250000000002,98.2905,1.0348,1.2029,1.8367,1.8155
1421,216.56490000000002,97.2841,0.9893,1.4817,1.831,1.8155
1422,216.71730000000002,96.8194,2.2991,1.9772,1.8648,1.8155
1423,216.86970000000002,96.3546,2.2352,2.0568,1.894,1.7986
1424,217.02210000000002,95.6951,2.243,2.0814,1.9735,1.7986
1425,217.17450000000002,95.7641,2.4441,2.151,1.9453,1.7986
1426,217.32690000000002,95.833,2.5942,2.1773,1.9455,1.7597
1427,217.47930000000002,96.5722,2.4071,2.2009,1.8995,1.7597
1428,217.63170000000002,96.2853,2.429,2.0352,1.8981,1.7597
1429,217.78410000000002,96.534,2.5057,2.0351,1.8919,1.7223
1430,217.93650000000002,99.4349,2.4975,2.0083,1.8974,1.7223
1431,218.08890000000002,101.2176,2.3452,1.9432,1.904,1.7223
1432,218.24130000000002,101.5167,2.3362,1.9224,1.8862,1.7223
1433,218.39370000000002,99.153,2.356,1.9761,1.8655,1.7211
1434,218.54610000000002,96.2803,2.2977,1.916,1.8473,1.7211
1435,218.69850000000002,95.5618,2.4978,1.8528,1.8499,1.7211
1436,218.85090000000002,92.3482,2.5663,2.4682,1.8564,1.7113
1437,219.00330000000002,93.3028,2.4596,2.4157,1.8646,1.7113
1438,219.15570000000002,94.5061,2.4735,2.2097,1.8718,1.7113
1439,219.30810000000002,98.2046,2.5087,2.2138,1.8623,1.765
1440,219.46050000000002,98.0106,2.5152,2.329,1.8598,1.765
1441,219.61290000000002,96.3618,2.6114,2.3104,1.852,1.765
1442,219.76530000000002,94.4469,2.4589,2.1437,1.874,1.825
1443,219.91770000000002,94.1808,2.3546,2.0207,1.8906,1.825
1444,220.07010000000002,94.2362,2.4725,2.1922,1.9145,1.825
1445,220.22250000000003,95.1174,2.4448,2.1697,1.9214,1.825
1446,220.37490000000003,97.2928,2.4309,2.0364,1.9265,1.7868
1447,220.52730000000003,101.9093,2.4674,2.0944,1.9258,1.7868
1448,220.67970000000003,106.5242,2.6121,2.1818,1.9229,1.7868
1449,220.83210000000003,109.8451,2.4295,2.0919,1.9241,1.784
1450,220.98450000000003,104.7246,2.4237,2.106,1.9368,1.784
1451,221.13690000000003,100.8749,2.3324,2.1119,1.9494,1.784
1452,221.28930000000003,97.0252,2.317,2.0635,1.9615,1.7358
1453,221.44170000000003,99.4029,2.609,2.072,1.9642,1.7358
1454,221.59410000000003,99.5085,2.6269,2.2355,1.9768,1.7358
1455,221.74650000000003,96.5457,2.6452,2.1471,1.9646,1.7358
1456,221.89890000000003,93.6897,2.4955,2.1407,1.9644,1.7595
1457,222.05130000000003,91.2447,2.6078,2.1239,1.9078,1.7595
1458,222.20370000000003,90.9979,2.5562,2.2134,1.9144,1.7595
1459,222.35610000000003,89.9552,2.5707,2.2353,1.9037,1.8251
1460,222.50850000000003,88.4299,2.6633,2.1649,1.9521,1.8251
1461,222.66090000000003,90.529,2.4763,2.1482,1.925,1.8251
1462,222.81330000000003,92.0501,2.4156,2.0932,1.9087,1.8227
1463,222.96570000000003,94.0856,2.3193,2.0589,1.8603,1.8227
1464,223.11810000000003,94.497,2.3265,2.0184,1.8387,1.8227
1465,223.27050000000003,93.6379,2.2838,2.0226,1.8254,1.81
1466,223.42290000000003,92.718,2.2983,2.0141,1.8347,1.81
1467,223.57530000000003,89.3089,2.3117,1.8743,1.8404,1.81
1468,223.72770000000003,87.8888,2.2249,1.9143,1.8495,1.81
1469,223.88010000000003,89.5166,2.2357,1.8849,1.8507,1.8305
1470,224.03250000000003,92.5036,2.2627,1.8227,1.853,1.8305
1471,224.18490000000003,93.0525,2.3497,1.8289,1.8631,1.8305
1472,224.33730000000003,92.0491,2.3513,1.8214,1.8748,1.8147
1473,224.48970000000003,90.3621,2.4748,1.8628,1.8993,1.8147
1474,224.64210000000003,91.1132,2.7036,1.8884,1.9203,1.8147
1475,224.79450000000003,90.2108,3.2697,2.8674,1.9388,1.8033
1476,224.94690000000003,89.9681,2.8802,2.7067,1.963,1.8033
1477,225.09930000000003,86.6888,2.541,2.6381,1.9815,1.8033
1478,225.25170000000003,84.83,2.7513,2.5728,2.0052,1.7872
1479,225.40410000000003,83.4529,2.7301,2.5156,2.0038,1.7872
1480,225.55650000000003,84.4176,2.6712,2.2526,2.0055,1.7872
1481,225.70890000000003,84.1804,2.5296,2.2585,2.0078,1.7872
1482,225.86130000000003,85.6973,2.3573,2.2633,2.0118,1.7651
1483,226.01370000000003,86.395,2.342,2.0492,2.0057,1.7651
1484,226.16610000000003,88.1062,2.1948,2.042,2.006,1.7651
1485,226.31850000000003,87.6056,2.1855,1.9094,2.0349,1.7412
1486,226.47090000000003,88.5695,2.1175,1.9098,1.9703,1.7412
1487,226.62330000000003,88.5199,2.2253,1.9172,1.9649,1.7412
1488,226.77570000000003,89.433,2.2367,2.0837,1.9104,1.7223
1489,226.92810000000003,88.842,2.4176,1.9635,1.9453,1.7223
1490,227.08050000000003,88.2511,2.3977,1.9768,1.9492,1.7223
1491,227.23290000000003,86.4392,2.6368,1.6517,1.9779,1.7223
1492,227.38530000000003,86.1809,2.4872,1.4995,2.0001,1.7181
1493,227.53770000000003,86.1811,2.6755,2.0781,2.006,1.7181
1494,227.69010000000003,89.3124,2.5443,2.0027,2.0276,1.7181
1495,227.84250000000003,91.0501,2.5328,1.9825,2.0338,1.7811
1496,227.99490000000003,91.3497,2.3993,1.993,2.0424,1.7811
1497,228.14730000000003,89.961,2.4438,2.0179,2.0549,1.7811
1498,228.29970000000003,90.1715,2.49,1.9993,2.0468,1.8323
1499,228.45210000000003,91.5615,2.6172,2.4795,2.0512,1.8323
1500,228.60450000000003,91.767,2.3406,2.2366,2.0441,1.8323
1501,228.75690000000003,94.4317,2.465,1.9686,2.0582,1.778
1502,228.90930000000003,97.0965,2.3921,1.7297,2.057,1.778
1503,229.06170000000003,98.6676,2.0376,1.699,2.0616,1.778
1504,229.21410000000003,95.7931,2.0872,2.1747,2.0664,1.778
1505,229.36650000000003,92.5171,2.0662,2.1793,2.0731,1.7478
1506,229.51890000000003,90.3347,1.998,2.2164,2.0571,1.7478
1507,229.67130000000003,91.39,2.0347,1.866,2.0341,1.7478
1508,229.82370000000003,92.6616,2.0724,1.8582,2.0373,1.6933
1509,229.97610000000003,93.9332,1.9688,1.8539,2.0326,1.6933
1510,230.12850000000003,93.7478,1.9732,1.9096,2.0234,1.6933
1511,230.28090000000003,93.1898,1.9169,1.9169,1.997,1.7383
1512,230.43330000000003,92.565,1.7819,1.7658,1.9947,1.7383
1513,230.58570000000003,92.583,1.904,1.7078,2.0095,1.7383
1514,230.73810000000003,94.2055,1.8827,1.8839,2.0107,1.7383
1515,230.89050000000003,92.926,2.0216,1.8909,2.0114,1.7465
1516,231.04290000000003,91.6679,2.0077,1.7172,2.0079,1.7465
1517,231.19530000000003,89.3633,2.3132,1.7126,1.9853,1.7465
1518,231.34770000000003,89.1488,2.2971,1.5607,1.964,1.749
1519,231.50010000000003,87.9333,2.2813,1.6412,1.943,1.749
1520,231.65250000000003,89.4655,1.8688,1.6044,1.9326,1.749
1521,231.80490000000003,91.8762,1.8347,1.6515,1.9204,1.7184
1522,231.95730000000003,93.632,1.8641,1.7835,1.9133,1.7184
1523,232.10970000000003,95.7495,1.8865,1.8396,1.9266,1.7184
1524,232.26210000000003,96.1029,2.121,1.9616,1.9432,1.6409
1525,232.41450000000003,98.4742,1.8348,2.1646,1.9741,1.6409
1526,232.56690000000003,94.0622,2.3117,1.9378,1.9692,1.6409
1527,232.71930000000003,92.4235,1.9963,2.0254,1.9815,1.6409
1528,232.87170000000003,89.7587,2.0321,2.1101,1.9632,1.6628
1529,233.02410000000003,90.1942,2.1231,2.1011,1.9684,1.6628
1530,233.17650000000003,95.7758,2.1552,2.1921,1.9777,1.6628
1531,233.32890000000003,97.4331,1.8223,2.0917,1.9667,1.6265
1532,233.48130000000003,99.6638,1.8052,1.9903,1.9287,1.6265
1533,233.63370000000003,92.8709,2.0893,2.0175,1.8975,1.6265
1534,233.78610000000003,90.0024,2.0537,2.0219,1.8854,1.6358
1535,233.93850000000003,87.955,2.2111,2.1164,1.8854,1.6358
1536,234.09090000000003,88.5012,2.047,2.1334,1.901,1.6358
1537,234.2433,88.2425,2.0355,2.0946,1.915,1.6358
1738,264.8757,94.4609,2.1276,1.6424,1.6542,1.5512
1739,265.0281,93.7246,2.0823,1.7041,1.6603,1.5512
1740,265.1805,93.6555,2.0944,1.7393,1.6698,1.5512
1741,265.3329,92.9214,2.2392,1.6847,1.6973,1.5739
1742,265.4853,91.3296,2.3062,1.6696,1.6768,1.5739
1743,265.6377,90.0844,2.3082,1.6217,1.6702,1.5739
1744,265.7901,88.9486,2.341,1.5426,1.6715,1.6887
1745,265.9425,88.6703,2.3228,1.4185,1.7062,1.6887
1746,266.0949,88.8091,2.1642,1.3995,1.7026,1.6887
1747,266.2473,89.4687,2.1603,1.3439,1.7246,1.6887
1748,266.3997,88.1488,2.2187,1.4214,1.7909,1.7608
1749,266.5521,86.1694,2.2141,1.4408,1.8852,1.7608
1750,266.7045,86.3619,2.3661,1.3211,1.9302,1.7608
1751,266.8569,88.5339,2.3502,1.4296,1.9363,1.7712
1752,267.0093,89.0085,1.9226,1.7968,1.9537,1.7712
1753,267.1617,87.3111,1.7843,1.8854,1.9686,1.7712
1754,267.3141,88.7464,1.7343,1.8703,1.9512,1.6882
1755,267.4665,91.1168,1.7329,1.7284,1.9457,1.6882
1756,267.6189,91.7061,1.9711,1.7171,1.9364,1.6882
1757,267.7713,93.2581,1.9718,1.9685,1.9427,1.6142
1758,267.9237,92.4914,1.8328,2.0865,1.9344,1.6142
1759,268.0761,93.5058,2.0445,2.0809,1.9346,1.6142
1760,268.2285,90.4856,1.8734,2.1788,1.9251,1.6142
1761,268.3809,90.7731,2.0995,2.1305,1.9127,1.6438
1762,268.5333,90.9045,2.0175,2.1562,1.9004,1.6438
1763,268.6857,88.1404,2.2261,2.0218,1.8919,1.6438
1764,268.8381,89.5928,2.2411,1.991,1.854,1.6406
1765,268.9905,90.1031,2.2719,2.0676,1.8267,1.6406
1766,269.1429,93.8444,2.1943,1.7296,1.8178,1.6406
1767,269.2953,93.1427,2.2359,1.7722,1.8489,1.5774
1768,269.4477,93.7049,2.5023,1.9076,1.8327,1.5774
1769,269.6001,91.3609,2.3908,1.8676,1.8489,1.5774
1770,269.7525,90.021,2.376,1.8997,1.8765,1.6662
1771,269.9049,88.7869,2.4103,1.9296,1.9275,1.6662
1772,270.0573,90.0625,2.3646,1.8623,1.9297,1.6662
1773,270.2097,88.5161,2.2908,1.8544,1.9164,1.6662
1774,270.3621,89.999,2.1827,1.7775,1.9425,1.6465
1775,270.5145,91.5924,2.0967,1.7433,1.9174,1.6465
1776,270.6669,88.9491,1.8112,1.7424,1.9289,1.6465
1777,270.8193,84.0307,1.9166,1.7796,1.9193,1.6445
1778,270.9717,80.8389,1.9437,1.9783,1.9332,1.6445
1779,271.1241,80.5587,1.7181,1.8113,1.9361,1.6445
1780,271.2765,80.1596,1.8922,1.7475,1.928,1.6579
1781,271.4289,80.8143,1.9049,1.8452,1.9291,1.6579
1782,271.5813,85.8245,2.0523,1.7497,1.9182,1.6579
1783,271.7337,88.24,1.8948,1.6724,1.903,1.6579
1784,271.8861,88.2724,1.8124,1.8023,1.8743,1.511
1785,272.0385,86.9252,1.8117,1.733,1.8578,1.511
1786,272.1909,87.266,1.7613,1.679,1.8242,1.511
1787,272.3433,88.9806,1.7389,1.6749,1.8169,1.5147
1788,272.4957,88.7916,1.7368,1.5788,1.8029,1.5147
1789,272.6481,90.3917,1.8364,1.5689,1.8325,1.5147
1790,272.8005,90.1104,1.9041,1.6078,1.8433,1.5048
1791,272.9529,91.9947,1.9831,1.6153,1.8664,1.5048
1792,273.1053,91.1131,1.98,1.6251,1.8732,1.5048
1793,273.2577,96.5576,1.927,1.6601,1.8768,1.5325
1794,273.4101,98.9809,2.0437,1.7354,1.867,1.5325
1795,273.5625,99.9055,1.9809,1.7565,1.861,1.5325
1796,273.7149,93.7356,1.9731,1.7143,1.8726,1.5325
1797,273.8673,90.3837,1.951,1.7278,1.8708,1.5282
1798,274.0197,89.4099,2.0969,1.7415,1.8597,1.5282
1799,274.1721,89.6379,2.1002,1.8142,1.854,1.5282
1800,274.3245,91.4564,1.7474,1.7364,1.8547,1.5364
1801,274.4769,93.3724,2.0458,1.9039,1.863,1.5364
1802,274.6293,95.0575,2.1744,1.7786,1.863,1.5364
